,,Chicken,ChickenOverAll,ChickenAlive,Thirst,Hunger,Age,Predator,,Dog,DogOverAll,DogAlive,Thirst,Hunger,Age,Predator,,Lion,Overall,Alive,Thirst,Hunger,Age,Predator,,Grain
>1,<500,1-500,225.408510638298,184.293617021277,0.0212765957446808,0,0,41.0936170212766,,1-500,50,48.25,0,0,0,1.75,,1-500,15,15,0,0,0,0,,249.567901234568
>501,<1000,501-1000,584.903669724771,394.217125382263,14.7721712538226,0.857798165137615,91.7247706422018,83.3318042813456,,501-1000,88.12,83.08,0,0,0,5.04,,501-1000,28.2272727272727,28.2272727272727,0,0,0,0,,311.638036809816
>1001,<1500,1001-1500,1722.50900473934,1142.49099526066,132.506161137441,6.9563981042654,303.654976303318,136.900473933649,,1001-1500,141.373493975904,96.2530120481928,1.6566265060241,0,36.5120481927711,6.95180722891566,,1001-1500,39.6666666666667,28.4444444444444,0,0,11.2222222222222,0,,177.343373493976
>1501,<2000,1501-2000,4793.29959183674,2532.55265306122,416.94693877551,785.979591836735,858.462857142857,199.357551020408,,1501-2000,218.282527881041,137.959107806691,5.56505576208178,0,67.5018587360595,7.25650557620818,,1501-2000,67.2253521126761,46.3943661971831,0.267605633802817,0,20.5633802816901,0,,19.0963855421687
>2001,<2500,2001-2500,8814.0971659919,2431.64453441296,719.226720647773,3968.77165991903,1420.45506072875,273.999190283401,,2001-2500,290.305882352941,140.180392156863,16.1019607843137,0,123.458823529412,10.5647058823529,,2001-2500,91.3235294117647,50.6764705882353,2.41176470588235,0.191176470588235,38.0441176470588,0,,19.8023952095808
>2501,<3000,2501-3000,12092.6842105263,1880.29111842105,1066.77467105263,7164.32154605263,1614.74013157895,366.556743421053,,2501-3000,343.942857142857,112.714285714286,32.3795918367347,1.57551020408163,183.804081632653,13.469387755102,,2501-3000,132.35593220339,66.8474576271187,6.11016949152542,1.77118644067797,57.6271186440678,0,,26.6927710843373
>3001,<3500,3001-3500,14593.3686405338,1606.98665554629,1310.64470391993,9437.45621351126,1799.49708090075,438.783986655546,,3001-3500,381.341463414634,70.2926829268293,52.1158536585366,4.54878048780488,238.487804878049,15.8963414634146,,3001-3500,160.988372093023,64.0813953488372,9.87209302325581,4,83.0348837209302,0,,22.5240963855422
>3501,<4000,3501-4000,17469.9619450317,1795.92882311487,1509.83720930233,11621.4496124031,2044.1874559549,498.558844256519,,3501-4000,400,45.531914893617,57.7553191489362,7.80851063829787,270.787234042553,18.1170212765957,,3501-4000,210.868965517241,83.0620689655173,12.2413793103448,4.96551724137931,110.6,0,,25.6586826347305
>4001,<4500,4001-4500,20574.8419398294,2163.60125729681,1663.94881005837,13923.2806466098,2260.32375392905,563.687471935339,,4001-4500,411.565217391304,26.0144927536232,61.9565217391304,8.39130434782609,296.04347826087,19.1594202898551,,4001-4500,259.167938931298,89.5801526717557,19.0763358778626,8.61832061068702,141.893129770992,0,,26.1204819277108
>4501,<5000,4501-5000,24562.7917026793,2583.12705272256,1831.26923076923,17032.1114952463,2491.32843560933,624.955488331893,,4501-5000,421.047619047619,14.9761904761905,64.952380952381,10.6190476190476,310.5,20,,4501-5000,313.423728813559,99.7457627118644,25.2090395480226,11.4915254237288,176.977401129944,0,,28.5301204819277
>5001,<5500,5001-5500,29596.1166875784,3258.10204935174,1999.04015056462,20927.6796319532,2726.18904224174,685.105813467169,,5001-5500,424,6.47368421052632,70.0526315789474,12,315.473684210526,20,,5001-5500,359.412587412587,97.7482517482517,32.5314685314685,14,215.132867132867,0,,29.8562874251497
>5501,<6000,5501-6000,36253.8860294118,4294.41748366013,2180.95179738562,26075.5625,2962.84722222222,740.107026143791,,5501-6000,424,0.5,73,12,318.5,20,,5501-6000,411.091463414634,95.4756097560976,37.1585365853659,15.5914634146341,262.865853658537,0,,34.3192771084337
>6001,<6500,6001-6500,45380.9685356999,5839.02581686164,2346.8830173457,33235.153287616,3170.33561920129,789.570794675272,,6001-6500,424,0.5,73,12,318.5,20,,6001-6500,475.840909090909,109.301136363636,43.1875,20.9147727272727,302.4375,0,,41.4578313253012
>6501,<7000,6501-7000,57217.1838294449,7419.71238938053,2563.76025744167,42968.2590506838,3406.84593724859,858.606194690266,,6501-7000,424,0.5,73,12,318.5,20,,6501-7000,558.432558139535,140.725581395349,49.2186046511628,26.3767441860465,342.111627906977,0,,48.9461077844311
>7001,<7500,7001-7500,64091.2378378378,7785.43783783784,2700.38918918919,49188.1351351351,3527.59459459459,889.681081081081,,7001-7500,424,0.5,73,12,318.5,20,,7001-7500,600.166666666667,153.777777777778,53.0555555555556,28,365.333333333333,0,,52.75
>7501,<8000,7501-8000,64091.2378378378,7785.43783783784,2700.38918918919,49188.1351351351,3527.59459459459,889.681081081081,,7501-8000,424,0.5,73,12,318.5,20,,7501-8000,600.166666666667,153.777777777778,53.0555555555556,28,365.333333333333,0,,52.75
>8001,<8500,8001-8500,64091.2378378378,7785.43783783784,2700.38918918919,49188.1351351351,3527.59459459459,889.681081081081,,8001-8500,424,0.5,73,12,318.5,20,,8001-8500,600.166666666667,153.777777777778,53.0555555555556,28,365.333333333333,0,,52.75
>8501,<9000,8501-9000,64091.2378378378,7785.43783783784,2700.38918918919,49188.1351351351,3527.59459459459,889.681081081081,,8501-9000,424,0.5,73,12,318.5,20,,8501-9000,600.166666666667,153.777777777778,53.0555555555556,28,365.333333333333,0,,52.75
>9001,<9500,9001-9500,64091.2378378378,7785.43783783784,2700.38918918919,49188.1351351351,3527.59459459459,889.681081081081,,9001-9500,424,0.5,73,12,318.5,20,,9001-9500,600.166666666667,153.777777777778,53.0555555555556,28,365.333333333333,0,,52.75
>9501,<10000,9501-10000,64091.2378378378,7785.43783783784,2700.38918918919,49188.1351351351,3527.59459459459,889.681081081081,,9501-10000,424,0.5,73,12,318.5,20,,9501-10000,600.166666666667,153.777777777778,53.0555555555556,28,365.333333333333,0,,52.75
,,,,,,,,,,,,,,,,,,,,,,,,,,
,,Chicken,ChickenOverAll,ChickenAlive,Thirst,Hunger,Age,Predator,,Dog,DogOverAll,DogAlive,Thirst,Hunger,Age,Predator,,Lion,Overall,Alive,Thirst,Hunger,Age,Predator,,Grain
>1,<100,1-100,150,142.263157894737,0,0,0,7.73684210526316,,1-100,50,49.25,0,0,0,0.75,,1-100,15,15,0,0,0,0,,195.5
>101,<200,101-200,150,121.130434782609,0,0,0,28.8695652173913,,101-200,50,47.5,0,0,0,2.5,,101-200,15,15,0,0,0,0,,227.5
>201,<300,201-300,185.7,142.06,0,0,0,43.64,,201-300,50,47,0,0,0,3,,201-300,15,15,0,0,0,0,,256.78125
>301,<400,301-400,242.015625,196.328125,0,0,0,45.6875,,301-400,50,47,0,0,0,3,,301-400,15,15,0,0,0,0,,269
>401,<500,401-500,279.194805194805,231.38961038961,0.0649350649350649,0,0,47.7402597402597,,401-500,50,47,0,0,0,3,,401-500,15,15,0,0,0,0,,295.65625
>501,<600,501-600,352.68932038835,291.135922330097,4.35922330097087,0.0970873786407767,2.33980582524272,54.7572815533981,,501-600,60.7142857142857,56.7142857142857,0,0,0,4,,501-600,15,15,0,0,0,0,,307.09375
>601,<700,601-700,428.025,290.325,7.46666666666667,1,58.5333333333333,70.7,,601-700,77.4545454545455,72.4545454545455,0,0,0,5,,601-700,15,15,0,0,0,0,,314.96875
>701,<800,701-800,535.026315789474,346.570175438596,12.8947368421053,1,94.7280701754386,79.8333333333333,,701-800,86,81,0,0,0,5,,701-800,19.5,19.5,0,0,0,0,,315.96875
>801,<900,801-900,662.012903225806,441.845161290323,15.7548387096774,1,110.083870967742,93.3290322580645,,801-900,90.2222222222222,85.2222222222222,0,0,0,5,,801-900,26.25,26.25,0,0,0,0,,316.84375
>901,<1000,901-1000,818.596153846154,529.705128205128,27.7051282051282,1,155.679487179487,104.50641025641,,901-1000,105.941176470588,100.411764705882,0,0,0,5.52941176470588,,901-1000,35.3333333333333,35.3333333333333,0,0,0,0,,303.242424242424
>1001,<1100,1001-1100,1030.04761904762,676.253968253968,55.8042328042328,1,183.455026455026,113.534391534392,,1001-1100,118,95.03125,0.21875,0,16,6.75,,1001-1100,39,34.6666666666667,0,0,4.33333333333333,0,,273.424242424242
>1101,<1200,1101-1200,1290.65151515152,852.707070707071,82.8484848484849,1,228.106060606061,125.989898989899,,1101-1200,127.933333333333,82.1666666666667,2,0,36.7666666666667,7,,1101-1200,39,24.8888888888889,0,0,14.1111111111111,0,,231.272727272727
>1201,<1300,1201-1300,1568.45853658537,1019.2243902439,124.60487804878,1.11219512195122,288.560975609756,134.956097560976,,1201-1300,142,90.6842105263158,2,0,42.3157894736842,7,,1201-1300,39,24,0,0,15,0,,188.636363636364
>1301,<1400,1301-1400,2019.61607142857,1348.14732142857,166.982142857143,5.75446428571429,354.223214285714,144.508928571429,,1301-1400,149.04347826087,97.0434782608696,2,0,43,7,,1301-1400,39,24,0,0,15,0,,129.151515151515
>1401,<1500,1401-1500,2516.4652173913,1688.23043478261,212.2,23.5217391304348,432.521739130435,159.991304347826,,1401-1500,164.243902439024,112.243902439024,2,0,43,7,,1401-1500,43,28,0,0,15,0,,63.4545454545455
>1501,<1600,1501-1600,3171.78481012658,2088.43459915612,270.789029535865,92.253164556962,537.236286919831,183.071729957806,,1501-1600,186.583333333333,132.604166666667,3.39583333333333,0,43.5833333333333,7,,1501-1600,45.6,30.6,0,0,15,0,,27.6060606060606
>1601,<1700,1601-1700,3928.13580246914,2436.20576131687,358.19341563786,259.954732510288,682.20987654321,191.572016460905,,1601-1700,195.038461538462,131.519230769231,4,0,52.5192307692308,7,,1601-1700,53.4545454545455,38.4545454545455,0,0,15,0,,18.8484848484848
>1701,<1800,1701-1800,4769.07407407407,2707.12757201646,428.485596707819,578.798353909465,858.325102880658,196.337448559671,,1701-1800,216.384615384615,135.634615384615,4,0,69.75,7,,1701-1800,63.5294117647059,47.1764705882353,0,0,16.3529411764706,0,,15.3030303030303
>1801,<1900,1801-1900,5626.21224489796,2761.25306122449,481.804081632653,1158.92653061225,1017.94285714286,206.285714285714,,1801-1900,235.745454545455,145.6,5.89090909090909,0,77.1272727272727,7.12727272727273,,1801-1900,74.5714285714286,52.3333333333333,0,0,22.2380952380952,0,,17.1515151515152
>1901,<2000,1901-2000,6407.36585365854,2653.80081300813,539.80081300813,1810.88211382114,1183.99593495935,218.886178861789,,1901-2000,248.41935483871,142.677419354839,9.58064516129032,0,88.1612903225807,8,,1901-2000,77.625,47.9375,1.1875,0,28.5,0,,16.6060606060606
>2001,<2100,2001-2100,7211.98790322581,2510.76612903226,598.475806451613,2555.37903225806,1311.66129032258,235.70564516129,,2001-2100,265.363636363636,145.113636363636,11,0,100.295454545455,8.95454545454546,,2001-2100,82.7368421052632,45.2105263157895,2,0,35.5263157894737,0,,17.3939393939394
>2101,<2200,2101-2200,8070.57786885246,2473.68852459016,652.741803278689,3301.06557377049,1386.63524590164,256.446721311475,,2101-2200,273.217391304348,140.5,11.3695652173913,0,111.347826086957,10,,2101-2200,85.5,44.5,2,0,39,0,,19.5454545454545
>2201,<2300,2201-2300,8814.58775510204,2431.21224489796,707.910204081633,3965.15510204082,1434.27346938776,276.036734693878,,2201-2300,286.153846153846,137.961538461538,14.3076923076923,0,123.307692307692,10.5769230769231,,2201-2300,91.5,50.5,2,0,39,0,,18.8787878787879
>2301,<2400,2301-2400,9658.17551020408,2444.18367346939,785.024489795918,4672.06530612245,1465.01632653061,291.885714285714,,2301-2400,303.586206896552,139.051724137931,19.3793103448276,0,134.155172413793,11,,2301-2400,97.3846153846154,56.0769230769231,2.30769230769231,0,39,0,,20.3636363636364
>2401,<2500,2401-2500,10334.987704918,2296.47540983607,853.622950819672,5368.54098360656,1505.92213114754,310.426229508197,,2401-2500,316.117647058824,139.411764705882,22.8627450980392,0,141.901960784314,11.9411764705882,,2401-2500,101.357142857143,57.6428571428571,3.71428571428571,0.928571428571429,39.0714285714286,0,,22.9393939393939
>2501,<2600,2501-2600,10999.6296296296,2203.57613168724,919.16049382716,5996.20576131687,1542.71193415638,337.975308641975,,2501-2600,324.739130434783,130.04347826087,24.0869565217391,0,158.065217391304,12.5434782608696,,2501-2600,109.5,62.9375,4,1,41.5625,0,,20.6666666666667
>2601,<2700,2601-2700,11617.0785123967,2018.52066115702,1018.40909090909,6647.59917355372,1579.35537190083,353.194214876033,,2601-2700,335.263157894737,122.736842105263,27.8245614035088,0.228070175438596,171.473684210526,13,,2601-2700,114.315789473684,61.6842105263158,4.89473684210526,1,46.7368421052632,0,,25.3030303030303
>2701,<2800,2701-2800,12104.7530864198,1833.04938271605,1083.04115226337,7208.11934156379,1613.90946502058,366.633744855967,,2701-2800,345.265306122449,116.204081632653,31.7755102040816,2,181.387755102041,13.8979591836735,,2701-2800,133.354838709677,73.3225806451613,6,1.32258064516129,52.7096774193548,0,,27.7878787878788
>2801,<2900,2801-2900,12652.025,1737.64583333333,1135.2125,7750.2375,1649.50833333333,379.420833333333,,2801-2900,353.846153846154,99.6538461538462,37.9230769230769,2.98076923076923,199.288461538462,14,,2801-2900,143.076923076923,68.6923076923077,6.65384615384615,2.15384615384615,65.5769230769231,0,,31.6666666666667
>2901,<3000,2901-3000,13114.1548117155,1602.26359832636,1180.78661087866,8244.98326359833,1689.93305439331,396.188284518828,,2901-3000,364.3,90.975,42.1,3,214.225,14,,2901-3000,147.96,63.16,7.96,3,73.84,0,,28.0909090909091
>3001,<3100,3001-3100,13584.3112033195,1561.85477178423,1227.32780082988,8665.90456431535,1719.6887966805,409.535269709544,,3001-3100,369.538461538462,82.1282051282051,46.4358974358974,4,222.641025641026,14.3333333333333,,3001-3100,155.357142857143,66.4285714285714,8,4,76.9285714285714,0,,24.1818181818182
>3101,<3200,3101-3200,14112.2911392405,1589.64978902954,1273.20675105485,9067.77637130802,1755.40506329114,426.253164556962,,3101-3200,377.771428571429,76.2285714285714,50.3428571428571,4,232.114285714286,15.0857142857143,,3101-3200,157.571428571429,65.5238095238095,9.71428571428571,4,78.3333333333333,0,,20.3939393939394
>3201,<3300,3201-3300,14540.1680672269,1566.30672268908,1313.8025210084,9420.95378151261,1795.64285714286,443.46218487395,,3201-3300,384,71.6896551724138,53.1379310344828,5,237.51724137931,16.6551724137931,,3201-3300,159,63.5384615384615,10,4,81.4615384615385,0,,21.8484848484848
>3301,<3400,3301-3400,15140.6514522822,1672.05809128631,1349.69709543568,9831.64315352697,1834.46058091286,452.792531120332,,3301-3400,386.074074074074,59.8518518518519,55.5185185185185,5,248.703703703704,17,,3301-3400,161.5,59.9444444444444,10.1666666666667,4,87.3888888888889,0,,22.7878787878788
>3401,<3500,3401-3500,15609.6025641026,1645.19658119658,1390.90170940171,10216.7905982906,1894.35897435897,462.354700854701,,3401-3500,393.0625,57.34375,57,5,256.71875,17,,3401-3500,169.35,65,11,4,89.35,0,,23.4545454545455
>3501,<3600,3501-3600,16170.6125,1725.10416666667,1424.0375,10597.7958333333,1952.0625,471.6125,,3501-3600,396,52.0952380952381,57,7.14285714285714,262.761904761905,17,,3501-3600,188,80.5416666666667,11,4,92.4583333333333,0,,25.9090909090909
>3601,<3700,3601-3700,16715.4430379747,1719.7805907173,1463.4641350211,11062.2405063291,1986.83122362869,483.126582278481,,3601-3700,398.3,49.3,57,8,266.55,17.45,,3601-3700,197.275862068966,82.2758620689655,11,4.55172413793104,99.448275862069,0,,26.9090909090909
>3701,<3800,3701-3800,17265.10041841,1768.26778242678,1499.39330543933,11474.2510460251,2031.87866108787,491.309623430962,,3701-3800,402,49.1764705882353,57,8,269.411764705882,18.4117647058824,,3701-3800,212.3,88.1666666666667,11,5,108.133333333333,0,,26.7575757575758
>3801,<3900,3801-3900,17944.3003802281,1877.65019011407,1538.93155893536,11955.1406844106,2067.66159695817,504.916349809886,,3801-3900,402,41.3809523809524,58.2380952380952,8,275.380952380952,19,,3801-3900,222.777777777778,86.4074074074074,11.7777777777778,5,119.592592592593,0,,24.7878787878788
>3901,<4000,3901-4000,18434.6093023256,1842.72325581395,1571.28139534884,12378.5697674419,2119.76279069767,522.272093023256,,3901-4000,402.8,33,60,8,282.8,19,,3901-4000,228.088235294118,78.2647058823529,15.6764705882353,5.94117647058824,128.205882352941,0,,24.0606060606061
>4001,<4100,4001-4100,19187.3310344828,2004.77701149425,1602.78850574713,12871.1885057471,2173.10804597701,535.468965517241,,4001-4100,407.333333333333,30.7222222222222,61.2777777777778,8,288.333333333333,19,,4001-4100,234.142857142857,74.7619047619048,16,7.19047619047619,136.190476190476,0,,24.8181818181818
>4101,<4200,4101-4200,19789.4719626168,2028.55607476635,1638.23831775701,13367.4813084112,2205.08411214953,550.11214953271,,4101-4200,409.846153846154,28.3076923076923,62,8,292.538461538462,19,,4101-4200,240.36,75.92,16.72,8,139.72,0,,22.6060606060606
>4201,<4300,4201-4300,20519.6873614191,2182.53215077605,1662.47228381375,13857.0487804878,2256.26385809313,561.370288248337,,4201-4300,410.909090909091,22.4545454545455,62,8,299.454545454545,19,,4201-4300,257.111111111111,88.1851851851852,19.8148148148148,8,141.111111111111,0,,24.6060606060606
>4301,<4400,4301-4400,21342.5771812081,2303.34004474273,1693.88143176734,14465.3534675615,2302.06040268456,577.941834451902,,4301-4400,414.923076923077,25,62,8.61538461538462,300.307692307692,19,,4301-4400,270.230769230769,97.6923076923077,20.6923076923077,8.38461538461539,143.461538461538,0,,27.030303030303
>4401,<4500,4401-4500,21966.6510067114,2288.87248322148,1719.62863534676,15005.293064877,2360.63982102908,592.217002237137,,4401-4500,416,21.3076923076923,62.7692307692308,9.38461538461539,302.692307692308,19.8461538461538,,4401-4500,283.03125,104.5625,21,10.75,146.71875,0,,31.6363636363636
>4501,<4600,4501-4600,22909.0131578947,2465.89912280702,1751.09210526316,15688.0855263158,2403.27192982456,600.664473684211,,4501-4600,416,14.75,63.75,10,307.5,20,,4501-4600,297.891891891892,110.405405405405,21.2432432432432,11,155.243243243243,0,,30.0606060606061
>4601,<4700,4601-4700,23622.8713968958,2438.22838137472,1789.36363636364,16337.7427937916,2446.55654101996,610.980044345898,,4601-4700,418.823529411765,15.8235294117647,64,10,309,20,,4601-4700,307.342105263158,104.052631578947,22.5526315789474,11,169.736842105263,0,,29.5454545454545
>4701,<4800,4701-4800,24521.1812366738,2599.60554371002,1828.1407249467,16979.5053304904,2487.68656716418,626.243070362473,,4701-4800,423.636363636364,15.8181818181818,65.9090909090909,10.5454545454545,311.363636363636,20,,4701-4800,311.314285714286,95.1428571428571,26.5428571428571,11,178.628571428571,0,,28.3939393939394
>4801,<4900,4801-4900,25443.3904555315,2664.45336225597,1878.62689804772,17731.4793926247,2531.89154013015,636.939262472885,,4801-4900,424,13.3333333333333,66,12,312.666666666667,20,,4801-4900,323.34375,94.21875,28,11.46875,189.65625,0,,27.030303030303
>4901,<5000,4901-5000,26289.4781659389,2744.0480349345,1907.70524017467,18402.3056768559,2585.90611353712,649.513100436681,,4901-5000,424,12.4285714285714,66,12,313.571428571429,20,,4901-5000,331.40625,92.78125,28.8125,13.1875,196.625,0,,27.6666666666667
>5001,<5100,5001-5100,27471.6574468085,3021.62127659574,1935.58723404255,19233.1489361702,2622.77446808511,658.525531914894,,5001-5100,424,10.25,67.125,12,314.625,20,,5001-5100,339.333333333333,96.0555555555556,30,14,199.277777777778,0,,33.8484848484849
>5101,<5200,5101-5200,28346.7121535181,3033.19402985075,1963.80170575693,20003.3219616205,2676.0618336887,670.332622601279,,5101-5200,424,4.83333333333333,71.5,12,315.666666666667,20,,5101-5200,349.551724137931,102.896551724138,30.8620689655172,14,201.793103448276,0,,31.7272727272727
>5201,<5300,5201-5300,29560.2074688797,3311.60995850622,1992.01244813278,20837.4522821577,2730.9377593361,688.195020746888,,5201-5300,424,3,73,12,316,20,,5201-5300,361.054054054054,104.027027027027,32,14,211.027027027027,0,,29.1212121212121
>5301,<5400,5301-5400,30697.7142857143,3354.41176470588,2033.29201680672,21834.3277310924,2777.11764705882,698.56512605042,,5301-5400,424,2.66666666666667,73,12,316.333333333333,20,,5301-5400,366.428571428571,92.9285714285714,33.4642857142857,14,226.035714285714,0,,28.030303030303
>5401,<5500,5401-5500,31862.9178947368,3564.03157894737,2069.40210526316,22698.2063157895,2821.93473684211,709.343157894737,,5401-5500,424,1,73,12,318,20,,5401-5500,373.137931034483,90.551724137931,35.551724137931,14,233.034482758621,0,,26.6363636363636
>5501,<5600,5501-5600,33306.653526971,3848.02074688797,2117.2489626556,23765.3360995851,2860.09543568465,715.952282157676,,5501-5600,424,1,73,12,318,20,,5501-5600,389.142857142857,93.7428571428572,36,14.9142857142857,244.485714285714,0,,30.030303030303
>5601,<5700,5601-5700,34539.2032854209,3936.13552361396,2145.03285420945,24810.7002053388,2920.15811088296,727.17659137577,,5601-5700,424,1,73,12,318,20,,5601-5700,402.617647058824,95.4411764705882,36,15,256.176470588235,0,,33.2424242424242
>5701,<5800,5701-5800,36246.8377823409,4366.23613963039,2182.24024640657,25990.7453798768,2964.29158110883,743.324435318275,,5701-5800,424,1,73,12,318,20,,5701-5800,412.038461538462,96.1153846153846,36.3846153846154,15,264.538461538462,0,,34.4242424242424
>5801,<5900,5801-5900,37745.1649484536,4493.37319587629,2213.87835051546,27269.6783505155,3014.23505154639,754,,5801-5900,424,0,73,12,319,20,,5801-5900,419.5,96.6666666666667,37,15.9,269.933333333333,0,,36.8484848484848
>5901,<6000,5901-6000,39398.9139344262,4824.54303278689,2245.68237704918,28514.8094262295,3054.09836065574,759.780737704918,,5901-6000,424,0,73,12,319,20,,5901-6000,432,95.7894736842105,39.9473684210526,16.9210526315789,279.342105263158,0,,37.0606060606061
>6001,<6100,6001-6100,41366.4785276074,5178.78732106339,2292.29856850716,30046.2801635992,3083.27198364008,765.840490797546,,6001-6100,424,0,73,12,319,20,,6001-6100,445.178571428571,97.8571428571429,42.0357142857143,18.7142857142857,286.571428571429,0,,38
>6101,<6200,6101-6200,43076.3706720978,5385.45824847251,2314.1466395112,31477.6476578411,3123.37881873727,775.739307535642,,6101-6200,424,0,73,12,319,20,,6101-6200,454.5,101.133333333333,43,19,291.366666666667,0,,41.6060606060606
>6201,<6300,6201-6300,45260.8782961461,5859.40162271805,2339.10953346856,33105.5882352941,3167.29614604462,789.48275862069,,6201-6300,424,0,73,12,319,20,,6201-6300,472.5,109.931818181818,43,20.3181818181818,299.25,0,,38.2121212121212
>6301,<6400,6301-6400,47414.6835699797,6123.21298174442,2375.36713995943,34900.1480730223,3214.19472616633,801.760649087221,,6301-6400,424,0,73,12,319,20,,6301-6400,489.243243243243,112.675675675676,43,22.4324324324324,311.135135135135,0,,42.8181818181818
>6401,<6500,6401-6500,49747.7038539554,6642.15415821501,2412.95131845842,36615.1196754564,3262.69371196755,814.784989858012,,6401-6500,424,0,73,12,319,20,,6401-6500,507.857142857143,120.8,44.7142857142857,23.3714285714286,318.971428571429,0,,46.6666666666667
>6501,<6600,6501-6600,52355.1497975708,7117.50607287449,2468.89271255061,38634.1923076923,3308.92510121458,825.633603238866,,6501-6600,424,0,73,12,319,20,,6501-6600,524.634146341463,128.90243902439,45,25.4878048780488,325.243902439024,0,,47.2727272727273
>6601,<6700,6601-6700,54591.8658536585,7241.93292682927,2519.48170731707,40624.5853658537,3359.99390243902,845.871951219512,,6601-6700,424,0,73,12,319,20,,6601-6700,541.173913043478,135.521739130435,46.2173913043478,26,333.434782608696,0,,45.7575757575758
>6701,<6800,6701-6800,57275.8663967611,7591.9008097166,2563.44736842105,42849.04048583,3408.25506072874,863.222672064777,,6701-6800,424,0,73,12,319,20,,6701-6800,561.785714285714,141.928571428571,50.2142857142857,26,343.642857142857,0,,48.1515151515151
>6801,<6900,6801-6900,59726.25,7526.07317073171,2610.33333333333,45263.1016260163,3453.59146341463,873.150406504065,,6801-6900,424,0,73,12,319,20,,6801-6900,576.071428571429,145.404761904762,52,26.8809523809524,351.785714285714,0,,50.0909090909091
>6901,<7000,6901-7000,62136.8319838057,7620.39271255061,2656.63562753036,47471.3259109312,3503.39271255061,885.085020242915,,6901-7000,424,0,73,12,319,20,,6901-7000,590.560975609756,152.512195121951,52.9512195121951,27.5853658536585,357.512195121951,0,,53.5151515151515
>7001,<7100,7001-7100,64091.2378378378,7785.43783783784,2700.38918918919,49188.1351351351,3527.59459459459,889.681081081081,,7001-7100,424,0,73,12,319,20,,7001-7100,600.166666666667,153.777777777778,53.0555555555556,28,365.333333333333,0,,52.75
>7101,<7200,7101-7200,64091.2378378378,7785.43783783784,2700.38918918919,49188.1351351351,3527.59459459459,889.681081081081,,7101-7200,424,0,73,12,319,20,,7101-7200,600.166666666667,153.777777777778,53.0555555555556,28,365.333333333333,0,,52.75
>7201,<7300,7201-7300,64091.2378378378,7785.43783783784,2700.38918918919,49188.1351351351,3527.59459459459,889.681081081081,,7201-7300,424,0,73,12,319,20,,7201-7300,600.166666666667,153.777777777778,53.0555555555556,28,365.333333333333,0,,52.75
>7301,<7400,7301-7400,64091.2378378378,7785.43783783784,2700.38918918919,49188.1351351351,3527.59459459459,889.681081081081,,7301-7400,424,0,73,12,319,20,,7301-7400,600.166666666667,153.777777777778,53.0555555555556,28,365.333333333333,0,,52.75
>7401,<7500,7401-7500,64091.2378378378,7785.43783783784,2700.38918918919,49188.1351351351,3527.59459459459,889.681081081081,,7401-7500,424,0,73,12,319,20,,7401-7500,600.166666666667,153.777777777778,53.0555555555556,28,365.333333333333,0,,52.75
>7501,<7600,7501-7600,64091.2378378378,7785.43783783784,2700.38918918919,49188.1351351351,3527.59459459459,889.681081081081,,7501-7600,424,0,73,12,319,20,,7501-7600,600.166666666667,153.777777777778,53.0555555555556,28,365.333333333333,0,,52.75
>7601,<7700,7601-7700,64091.2378378378,7785.43783783784,2700.38918918919,49188.1351351351,3527.59459459459,889.681081081081,,7601-7700,424,0,73,12,319,20,,7601-7700,600.166666666667,153.777777777778,53.0555555555556,28,365.333333333333,0,,52.75
>7701,<7800,7701-7800,64091.2378378378,7785.43783783784,2700.38918918919,49188.1351351351,3527.59459459459,889.681081081081,,7701-7800,424,0,73,12,319,20,,7701-7800,600.166666666667,153.777777777778,53.0555555555556,28,365.333333333333,0,,52.75
>7801,<7900,7801-7900,64091.2378378378,7785.43783783784,2700.38918918919,49188.1351351351,3527.59459459459,889.681081081081,,7801-7900,424,0,73,12,319,20,,7801-7900,600.166666666667,153.777777777778,53.0555555555556,28,365.333333333333,0,,52.75
>7901,<8000,7901-8000,64091.2378378378,7785.43783783784,2700.38918918919,49188.1351351351,3527.59459459459,889.681081081081,,7901-8000,424,0,73,12,319,20,,7901-8000,600.166666666667,153.777777777778,53.0555555555556,28,365.333333333333,0,,52.75
>8001,<8100,8001-8100,64091.2378378378,7785.43783783784,2700.38918918919,49188.1351351351,3527.59459459459,889.681081081081,,8001-8100,424,0,73,12,319,20,,8001-8100,600.166666666667,153.777777777778,53.0555555555556,28,365.333333333333,0,,52.75
>8101,<8200,8101-8200,64091.2378378378,7785.43783783784,2700.38918918919,49188.1351351351,3527.59459459459,889.681081081081,,8101-8200,424,0,73,12,319,20,,8101-8200,600.166666666667,153.777777777778,53.0555555555556,28,365.333333333333,0,,52.75
>8201,<8300,8201-8300,64091.2378378378,7785.43783783784,2700.38918918919,49188.1351351351,3527.59459459459,889.681081081081,,8201-8300,424,0,73,12,319,20,,8201-8300,600.166666666667,153.777777777778,53.0555555555556,28,365.333333333333,0,,52.75
>8301,<8400,8301-8400,64091.2378378378,7785.43783783784,2700.38918918919,49188.1351351351,3527.59459459459,889.681081081081,,8301-8400,424,0,73,12,319,20,,8301-8400,600.166666666667,153.777777777778,53.0555555555556,28,365.333333333333,0,,52.75
>8401,<8500,8401-8500,64091.2378378378,7785.43783783784,2700.38918918919,49188.1351351351,3527.59459459459,889.681081081081,,8401-8500,424,0,73,12,319,20,,8401-8500,600.166666666667,153.777777777778,53.0555555555556,28,365.333333333333,0,,52.75
>8501,<8600,8501-8600,64091.2378378378,7785.43783783784,2700.38918918919,49188.1351351351,3527.59459459459,889.681081081081,,8501-8600,424,0,73,12,319,20,,8501-8600,600.166666666667,153.777777777778,53.0555555555556,28,365.333333333333,0,,52.75
>8601,<8700,8601-8700,64091.2378378378,7785.43783783784,2700.38918918919,49188.1351351351,3527.59459459459,889.681081081081,,8601-8700,424,0,73,12,319,20,,8601-8700,600.166666666667,153.777777777778,53.0555555555556,28,365.333333333333,0,,52.75
>8701,<8800,8701-8800,64091.2378378378,7785.43783783784,2700.38918918919,49188.1351351351,3527.59459459459,889.681081081081,,8701-8800,424,0,73,12,319,20,,8701-8800,600.166666666667,153.777777777778,53.0555555555556,28,365.333333333333,0,,52.75
>8801,<8900,8801-8900,64091.2378378378,7785.43783783784,2700.38918918919,49188.1351351351,3527.59459459459,889.681081081081,,8801-8900,424,0,73,12,319,20,,8801-8900,600.166666666667,153.777777777778,53.0555555555556,28,365.333333333333,0,,52.75
>8901,<9000,8901-9000,64091.2378378378,7785.43783783784,2700.38918918919,49188.1351351351,3527.59459459459,889.681081081081,,8901-9000,424,0,73,12,319,20,,8901-9000,600.166666666667,153.777777777778,53.0555555555556,28,365.333333333333,0,,52.75
>9001,<9100,9001-9100,64091.2378378378,7785.43783783784,2700.38918918919,49188.1351351351,3527.59459459459,889.681081081081,,9001-9100,424,0,73,12,319,20,,9001-9100,600.166666666667,153.777777777778,53.0555555555556,28,365.333333333333,0,,52.75
>9101,<9200,9101-9200,64091.2378378378,7785.43783783784,2700.38918918919,49188.1351351351,3527.59459459459,889.681081081081,,9101-9200,424,0,73,12,319,20,,9101-9200,600.166666666667,153.777777777778,53.0555555555556,28,365.333333333333,0,,52.75
>9201,<9300,9201-9300,64091.2378378378,7785.43783783784,2700.38918918919,49188.1351351351,3527.59459459459,889.681081081081,,9201-9300,424,0,73,12,319,20,,9201-9300,600.166666666667,153.777777777778,53.0555555555556,28,365.333333333333,0,,52.75
>9301,<9400,9301-9400,64091.2378378378,7785.43783783784,2700.38918918919,49188.1351351351,3527.59459459459,889.681081081081,,9301-9400,424,0,73,12,319,20,,9301-9400,600.166666666667,153.777777777778,53.0555555555556,28,365.333333333333,0,,52.75
>9401,<9500,9401-9500,64091.2378378378,7785.43783783784,2700.38918918919,49188.1351351351,3527.59459459459,889.681081081081,,9401-9500,424,0,73,12,319,20,,9401-9500,600.166666666667,153.777777777778,53.0555555555556,28,365.333333333333,0,,52.75
>9501,<9600,9501-9600,64091.2378378378,7785.43783783784,2700.38918918919,49188.1351351351,3527.59459459459,889.681081081081,,9501-9600,424,0,73,12,319,20,,9501-9600,600.166666666667,153.777777777778,53.0555555555556,28,365.333333333333,0,,52.75
>9601,<9700,9601-9700,64091.2378378378,7785.43783783784,2700.38918918919,49188.1351351351,3527.59459459459,889.681081081081,,9601-9700,424,0,73,12,319,20,,9601-9700,600.166666666667,153.777777777778,53.0555555555556,28,365.333333333333,0,,52.75
>9701,<9800,9701-9800,64091.2378378378,7785.43783783784,2700.38918918919,49188.1351351351,3527.59459459459,889.681081081081,,9701-9800,424,0,73,12,319,20,,9701-9800,600.166666666667,153.777777777778,53.0555555555556,28,365.333333333333,0,,52.75
>9801,<9900,9801-9900,64091.2378378378,7785.43783783784,2700.38918918919,49188.1351351351,3527.59459459459,889.681081081081,,9801-9900,424,0,73,12,319,20,,9801-9900,600.166666666667,153.777777777778,53.0555555555556,28,365.333333333333,0,,52.75
>9901,<10000,9901-10000,64091.2378378378,7785.43783783784,2700.38918918919,49188.1351351351,3527.59459459459,889.681081081081,,9901-10000,424,0,73,12,319,20,,9901-10000,600.166666666667,153.777777777778,53.0555555555556,28,365.333333333333,0,,52.75
