System Time:,Simulation Time:,Generation,SPEED,SpeedMutationType,SpeedMutationProbability,SpeedMutationMinMaxChange,SpeedCominantRecessiveInheritancePriority,SpeedDominantOriginal,SpeedRecessiceOriginal,SpeedMutationValue,SpeedMutationResult,SpeedDominant,SpeedRecessice,SpeedFather,SpeedMother,SpeedComparedToFather,SpeedComparedToMother,METABOLISM,MetabolismMutationType,MetabolismMutationProbability,MetabolismMutationMinMaxChange,MetabolismCominantRecessiveInheritancePriority,MetabolismDominantOriginal,MetabolismRecessiceOriginal,MetabolismMutationValue,MetabolismMutationResult,MetabolismDominant,MetabolismRecessice,MetabolismFather,MetabolismMother,MetabolismComparedToFather,MetabolismComparedToMother,REPRODUCTIONRATE,ReproductionRateMutationType,ReproductionRateMutationProbability,ReproductionRateMutationMinMaxChange,ReproductionRateCominantRecessiveInheritancePriority,ReproductionRateDominantOriginal,ReproductionRateRecessiceOriginal,ReproductionRateMutationValue,ReproductionRateMutationResult,ReproductionRateDominant,ReproductionRateRecessice,ReproductionRateFather,ReproductionRateMother,ReproductionRateComparedToFather,ReproductionRateComparedToMother,ATTRIBUTES AT NEWBORN,Speed,Hunger,Thirst,ViewRadius,PregnancyTime
0.251516203703704,216.3677,1,SPEED,Random,1,-0.15_0.15,Bigger,0,-0.05031158,0.1491563,None,0,-0.05031158,0,-0.05031158,0,0.05031158,METABOLISM,Random,1,-0.1_0.1,Lower,0,0.0005415082,0.01901735,None,0,0.0005415082,0.0005415082,0,-0.0005415082,0,REPRODUCTIONRATE,Random,1,-0.4_0.4,Lower,-0.3806562,0,0.2890551,Dominant,-0.09160107,0,-0.2356649,-0.3806562,0.1440639,0.2890551,ATTRIBUTES,3.3,1,1,19,114.9084
0.251516203703704,216.3677,1,SPEED,Random,1,-0.15_0.15,Bigger,0,-0.05031158,0.1358903,Dominant and Recessive,0.1358903,0.08557869,0,-0.05031158,0.1358903,0.1862019,METABOLISM,Random,1,-0.1_0.1,Lower,0,0.0005415082,0.09681154,Dominant and Recessive,0.09681154,0.09735305,0.0005415082,0,0.09627003,0.09681154,REPRODUCTIONRATE,Random,1,-0.4_0.4,Lower,-0.3806562,0,-0.2305192,None,-0.3806562,0,-0.2356649,-0.3806562,-0.1449912,0,ATTRIBUTES,3.43589,1.096812,1.096812,19,114.6193
0.251516203703704,216.3677,1,SPEED,Random,1,-0.15_0.15,Bigger,0,-0.05031158,-0.01403642,Dominant and Recessive,-0.01403642,-0.064348,0,-0.05031158,-0.01403642,0.03627516,METABOLISM,Random,1,-0.1_0.1,Lower,0,0.0005415082,-0.0448145,Recessive,0,-0.044273,0.0005415082,0,-0.0005415082,0,REPRODUCTIONRATE,Random,1,-0.4_0.4,Lower,-0.3806562,0,-0.08407903,Recessive,-0.3806562,-0.08407903,-0.2356649,-0.3806562,-0.1449912,0,ATTRIBUTES,3.285964,1,1,19,114.6193
0.251516203703704,216.6677,1,SPEED,Random,1,-0.15_0.15,Bigger,0,-0.1090519,-0.02822702,Dominant and Recessive,-0.02822702,-0.1372789,-0.1090519,-0.04631616,0.08082484,0.01808914,METABOLISM,Random,1,-0.1_0.1,Lower,0.04674482,0.08393424,-0.07702007,Recessive,0.04674482,0.006914169,0.04674482,0.08393424,0,-0.03718942,REPRODUCTIONRATE,Random,1,-0.4_0.4,Lower,0,0.2876205,0.1020875,Dominant,0.1020875,0.2876205,0.2876205,-0.2379551,-0.185533,0.3400426,ATTRIBUTES,3.271773,1.046745,1.046745,19,115.1021
0.251516203703704,216.6677,1,SPEED,Random,1,-0.15_0.15,Bigger,0,-0.1090519,-0.03300506,None,0,-0.1090519,-0.1090519,-0.04631616,0.1090519,0.04631616,METABOLISM,Random,1,-0.1_0.1,Lower,0.04674482,0.08393424,-0.03177999,Dominant,0.01496483,0.08393424,0.04674482,0.08393424,-0.03177999,-0.06896941,REPRODUCTIONRATE,Random,1,-0.4_0.4,Lower,0,0.2876205,0.005024374,Recessive,0,0.2926448,0.2876205,-0.2379551,-0.2876205,0.2379551,ATTRIBUTES,3.3,1.014965,1.014965,19,115
0.251516203703704,216.6677,1,SPEED,Random,1,-0.15_0.15,Bigger,0,-0.1090519,0.0303942,Recessive,0,-0.07865766,-0.1090519,-0.04631616,0.1090519,0.04631616,METABOLISM,Random,1,-0.1_0.1,Lower,0.04674482,0.08393424,-0.0335873,Recessive,0.04674482,0.05034694,0.04674482,0.08393424,0,-0.03718942,REPRODUCTIONRATE,Random,1,-0.4_0.4,Lower,0,0.2876205,-0.1280804,None,0,0.2876205,0.2876205,-0.2379551,-0.2876205,0.2379551,ATTRIBUTES,3.3,1.046745,1.046745,19,115
0.251527777777778,217.2677,1,SPEED,Random,1,-0.15_0.15,Bigger,0.1169281,0,0.1121714,None,0.1169281,0,-0.1219042,0.1169281,0.2388323,0,METABOLISM,Random,1,-0.1_0.1,Lower,-0.06520674,0,-0.08508248,Dominant and Recessive,-0.1502892,-0.08508248,0,0,-0.1502892,-0.1502892,REPRODUCTIONRATE,Random,1,-0.4_0.4,Lower,-0.02712482,0,0.088631,Dominant,0.06150618,0,0,-0.02712482,0.06150618,0.088631,ATTRIBUTES,3.416928,0.8497108,0.8497108,19,115.0615
0.251527777777778,217.2677,1,SPEED,Random,1,-0.15_0.15,Bigger,0.1169281,0,0.1240529,Dominant,0.240981,0,-0.1219042,0.1169281,0.3628852,0.1240529,METABOLISM,Random,1,-0.1_0.1,Lower,-0.06520674,0,0.05879221,Dominant,-0.006414536,0,0,0,-0.006414536,-0.006414536,REPRODUCTIONRATE,Random,1,-0.4_0.4,Lower,-0.02712482,0,-0.07551369,Recessive,-0.02712482,-0.07551369,0,-0.02712482,-0.02712482,0,ATTRIBUTES,3.540981,0.9935855,0.9935855,19,114.9729
0.251527777777778,217.2677,1,SPEED,Random,1,-0.15_0.15,Bigger,0.1169281,0,0.1032419,Recessive,0.1169281,0.1032419,-0.1219042,0.1169281,0.2388323,0,METABOLISM,Random,1,-0.1_0.1,Lower,-0.06520674,0,-0.06785911,None,-0.06520674,0,0,0,-0.06520674,-0.06520674,REPRODUCTIONRATE,Random,1,-0.4_0.4,Lower,-0.02712482,0,0.2274303,Dominant,0.2003055,0,0,-0.02712482,0.2003055,0.2274303,ATTRIBUTES,3.416928,0.9347932,0.9347932,19,115.2003
0.251527777777778,217.8677,1,SPEED,Random,1,-0.15_0.15,Bigger,0.1120445,0.09670319,0.09349626,Dominant,0.2055407,0.09670319,0.09670319,0,0.1088376,0.2055407,METABOLISM,Random,1,-0.1_0.1,Lower,0,0.008627497,0.03098919,Dominant and Recessive,0.03098919,0.03961669,0.008627497,0,0.02236169,0.03098919,REPRODUCTIONRATE,Random,1,-0.4_0.4,Lower,-0.2920955,0,-0.2664644,Dominant,-0.5585599,0,-0.2920955,0,-0.2664644,-0.5585599,ATTRIBUTES,3.505541,1.030989,1.030989,19,114.4414
0.251527777777778,217.8677,1,SPEED,Random,1,-0.15_0.15,Bigger,0.1120445,0.09670319,-0.1272333,None,0.1120445,0.09670319,0.09670319,0,0.0153413,0.1120445,METABOLISM,Random,1,-0.1_0.1,Lower,0,0.008627497,-0.05665531,Recessive,0,-0.04802781,0.008627497,0,-0.008627497,0,REPRODUCTIONRATE,Random,1,-0.4_0.4,Lower,-0.2920955,0,0.2604697,Dominant,-0.03162575,0,-0.2920955,0,0.2604697,-0.03162575,ATTRIBUTES,3.412045,1,1,19,114.9684
0.251527777777778,217.8677,1,SPEED,Random,1,-0.15_0.15,Bigger,0.1120445,0.09670319,-0.09933172,Dominant,0.01271276,0.09670319,0.09670319,0,-0.08399042,0.01271276,METABOLISM,Random,1,-0.1_0.1,Lower,0,0.008627497,-0.031469,Dominant and Recessive,-0.031469,-0.0228415,0.008627497,0,-0.0400965,-0.031469,REPRODUCTIONRATE,Random,1,-0.4_0.4,Lower,-0.2920955,0,-0.07076937,Dominant and Recessive,-0.3628648,-0.07076937,-0.2920955,0,-0.07076937,-0.3628648,ATTRIBUTES,3.312713,0.968531,0.968531,19,114.6371
0.251550925925926,220.5054,1,SPEED,Random,1,-0.15_0.15,Bigger,0,-0.1037163,0.1422774,Recessive,0,0.03856111,0,0,0,0,METABOLISM,Random,1,-0.1_0.1,Lower,0,0,-0.06147664,None,0,0,0,0,0,0,REPRODUCTIONRATE,Random,1,-0.4_0.4,Lower,-0.2835551,0.1055573,0.2759078,Dominant,-0.007647336,0.1055573,0.1055573,-0.2835551,-0.1132047,0.2759078,ATTRIBUTES,3.3,1,1,19,114.9924
0.251550925925926,220.5054,1,SPEED,Random,1,-0.15_0.15,Bigger,0,-0.1037163,-0.1080778,Dominant,-0.1080778,-0.1037163,0,0,-0.1080778,-0.1080778,METABOLISM,Random,1,-0.1_0.1,Lower,0,0,-0.002968632,None,0,0,0,0,0,0,REPRODUCTIONRATE,Random,1,-0.4_0.4,Lower,-0.2835551,0.1055573,0.2623505,None,-0.2835551,0.1055573,0.1055573,-0.2835551,-0.3891125,0,ATTRIBUTES,3.191922,1,1,19,114.7164
0.251550925925926,220.5054,1,SPEED,Random,1,-0.15_0.15,Bigger,0,-0.1037163,0.05357412,Dominant and Recessive,0.05357412,-0.05014219,0,0,0.05357412,0.05357412,METABOLISM,Random,1,-0.1_0.1,Lower,0,0,0.009274445,Dominant,0.009274445,0,0,0,0.009274445,0.009274445,REPRODUCTIONRATE,Random,1,-0.4_0.4,Lower,-0.2835551,0.1055573,-0.08663812,Recessive,-0.2835551,0.01891921,0.1055573,-0.2835551,-0.3891125,0,ATTRIBUTES,3.353574,1.009274,1.009274,19,114.7164
0.251550925925926,222.0197,1,SPEED,Random,1,-0.15_0.15,Bigger,0,-0.06016536,-0.03919339,Recessive,0,-0.09935875,-0.06016536,0,0.06016536,0,METABOLISM,Random,1,-0.1_0.1,Lower,0,0,-0.07032337,Dominant and Recessive,-0.07032337,-0.07032337,0,0,-0.07032337,-0.07032337,REPRODUCTIONRATE,Random,1,-0.4_0.4,Lower,-0.3139652,0.25731,-0.3173757,None,-0.3139652,0.25731,-0.3139652,0,0,-0.3139652,ATTRIBUTES,3.3,0.9296767,0.9296767,19,114.686
0.251550925925926,222.0197,1,SPEED,Random,1,-0.15_0.15,Bigger,0,-0.06016536,0.1050085,None,0,-0.06016536,-0.06016536,0,0.06016536,0,METABOLISM,Random,1,-0.1_0.1,Lower,0,0,-0.009295665,None,0,0,0,0,0,0,REPRODUCTIONRATE,Random,1,-0.4_0.4,Lower,-0.3139652,0.25731,-0.3553115,None,-0.3139652,0.25731,-0.3139652,0,0,-0.3139652,ATTRIBUTES,3.3,1,1,19,114.686
0.251550925925926,222.0197,1,SPEED,Random,1,-0.15_0.15,Bigger,0,-0.06016536,-0.0872317,None,0,-0.06016536,-0.06016536,0,0.06016536,0,METABOLISM,Random,1,-0.1_0.1,Lower,0,0,0.01697508,None,0,0,0,0,0,0,REPRODUCTIONRATE,Random,1,-0.4_0.4,Lower,-0.3139652,0.25731,0.04290909,Dominant,-0.2710561,0.25731,-0.3139652,0,0.04290909,-0.2710561,ATTRIBUTES,3.3,1,1,19,114.7289
0.2515625,223.2197,1,SPEED,Random,1,-0.15_0.15,Bigger,0.02698436,0,-0.09297352,Recessive,0.02698436,-0.09297352,-0.1264409,0.02698436,0.1534252,0,METABOLISM,Random,1,-0.1_0.1,Lower,-0.0547241,0,-0.03390073,Dominant,-0.08862483,0,0,-0.0547241,-0.08862483,-0.03390073,REPRODUCTIONRATE,Random,1,-0.4_0.4,Lower,0,0,-0.2200431,Dominant and Recessive,-0.2200431,-0.2200431,-0.1045844,0,-0.1154587,-0.2200431,ATTRIBUTES,3.326984,0.9113752,0.9113752,19,114.78
0.2515625,223.2197,1,SPEED,Random,1,-0.15_0.15,Bigger,0.02698436,0,0.07945375,Recessive,0.02698436,0.07945375,-0.1264409,0.02698436,0.1534252,0,METABOLISM,Random,1,-0.1_0.1,Lower,-0.0547241,0,0.0354672,Dominant and Recessive,-0.0192569,0.0354672,0,-0.0547241,-0.0192569,0.0354672,REPRODUCTIONRATE,Random,1,-0.4_0.4,Lower,0,0,-0.07444566,Dominant and Recessive,-0.07444566,-0.07444566,-0.1045844,0,0.0301387,-0.07444566,ATTRIBUTES,3.326984,0.9807431,0.9807431,19,114.9256
0.2515625,223.2197,1,SPEED,Random,1,-0.15_0.15,Bigger,0.02698436,0,0.0916449,Recessive,0.02698436,0.0916449,-0.1264409,0.02698436,0.1534252,0,METABOLISM,Random,1,-0.1_0.1,Lower,-0.0547241,0,0.001677476,None,-0.0547241,0,0,-0.0547241,-0.0547241,0,REPRODUCTIONRATE,Random,1,-0.4_0.4,Lower,0,0,-0.3152564,None,0,0,-0.1045844,0,0.1045844,0,ATTRIBUTES,3.326984,0.9452759,0.9452759,19,115
0.2515625,223.2197,1,SPEED,Random,1,-0.15_0.15,Bigger,0,0,0.1123807,Dominant,0.1123807,0,0,0,0.1123807,0.1123807,METABOLISM,Random,1,-0.1_0.1,Lower,0,0.06198618,-0.04501248,Dominant and Recessive,-0.04501248,0.0169737,0.06198618,0,-0.1069987,-0.04501248,REPRODUCTIONRATE,Random,1,-0.4_0.4,Lower,-0.1339266,0.2801142,0.04540294,Recessive,-0.1339266,0.3255171,-0.1339266,0.2801142,0,-0.4140408,ATTRIBUTES,3.412381,0.9549875,0.9549875,19,114.8661
0.2515625,223.2197,1,SPEED,Random,1,-0.15_0.15,Bigger,0,0,-0.04104146,Dominant and Recessive,-0.04104146,-0.04104146,0,0,-0.04104146,-0.04104146,METABOLISM,Random,1,-0.1_0.1,Lower,0,0.06198618,0.06269884,Dominant,0.06269884,0.06198618,0.06198618,0,0.0007126592,0.06269884,REPRODUCTIONRATE,Random,1,-0.4_0.4,Lower,-0.1339266,0.2801142,-0.07226092,Dominant,-0.2061876,0.2801142,-0.1339266,0.2801142,-0.07226092,-0.4863017,ATTRIBUTES,3.258959,1.062699,1.062699,19,114.7938
0.2515625,223.2197,1,SPEED,Random,1,-0.15_0.15,Bigger,0,0,0.1202476,Dominant and Recessive,0.1202476,0.1202476,0,0,0.1202476,0.1202476,METABOLISM,Random,1,-0.1_0.1,Lower,0,0.06198618,0.02976317,Dominant and Recessive,0.02976317,0.09174936,0.06198618,0,-0.03222301,0.02976317,REPRODUCTIONRATE,Random,1,-0.4_0.4,Lower,-0.1339266,0.2801142,0.2083796,Recessive,-0.1339266,0.4884938,-0.1339266,0.2801142,0,-0.4140408,ATTRIBUTES,3.420248,1.029763,1.029763,19,114.8661
0.251597222222222,227.7197,1,SPEED,Random,1,-0.15_0.15,Bigger,0.03372172,0,0.008933455,Dominant,0.04265517,0,0,0.03372172,0.04265517,0.008933455,METABOLISM,Random,1,-0.1_0.1,Lower,0.06148073,0.06283481,0.05930824,Recessive,0.06148073,0.122143,0.06148073,0.06283481,0,-0.001354072,REPRODUCTIONRATE,Random,1,-0.4_0.4,Lower,0,0,-0.3401992,Dominant and Recessive,-0.3401992,-0.3401992,0,0,-0.3401992,-0.3401992,ATTRIBUTES,3.342655,1.061481,1.061481,19,114.6598
0.251597222222222,227.7197,1,SPEED,Random,1,-0.15_0.15,Bigger,0.03372172,0,0.08588269,Dominant and Recessive,0.1196044,0.08588269,0,0.03372172,0.1196044,0.08588269,METABOLISM,Random,1,-0.1_0.1,Lower,0.06148073,0.06283481,0.04239263,Dominant and Recessive,0.1038734,0.1052274,0.06148073,0.06283481,0.04239264,0.04103857,REPRODUCTIONRATE,Random,1,-0.4_0.4,Lower,0,0,0.2391683,Recessive,0,0.2391683,0,0,0,0,ATTRIBUTES,3.419604,1.103873,1.103873,19,115
0.251597222222222,227.7197,1,SPEED,Random,1,-0.15_0.15,Bigger,0.03372172,0,-0.1487813,Dominant,-0.1150596,0,0,0.03372172,-0.1150596,-0.1487813,METABOLISM,Random,1,-0.1_0.1,Lower,0.06148073,0.06283481,0.04600322,Dominant,0.107484,0.06283481,0.06148073,0.06283481,0.04600322,0.04464915,REPRODUCTIONRATE,Random,1,-0.4_0.4,Lower,0,0,0.2513155,Recessive,0,0.2513155,0,0,0,0,ATTRIBUTES,3.18494,1.107484,1.107484,19,115
0.251608796296296,228.8165,1,SPEED,Random,1,-0.15_0.15,Bigger,-0.01078729,-0.1031502,-0.04319539,Recessive,-0.01078729,-0.1463456,-0.01078729,-0.1031502,0,0.09236296,METABOLISM,Random,1,-0.1_0.1,Lower,-0.08686536,-0.06118891,-0.06377055,Dominant,-0.1506359,-0.06118891,-0.08686536,-0.06118891,-0.06377055,-0.089447,REPRODUCTIONRATE,Random,1,-0.4_0.4,Lower,0,0.2390212,-0.3162065,Recessive,0,-0.07718529,0,0.2390212,0,-0.2390212,ATTRIBUTES,3.289213,0.8493641,0.8493641,19,115
0.251608796296296,228.8165,1,SPEED,Random,1,-0.15_0.15,Bigger,0,-0.1031502,-0.09410369,Dominant and Recessive,-0.09410369,-0.1972539,-0.01078729,-0.1031502,-0.0833164,0.009046555,METABOLISM,Random,1,-0.1_0.1,Lower,-0.06118891,0,-0.07211461,Recessive,-0.06118891,-0.07211461,-0.08686536,-0.06118891,0.02567644,0,REPRODUCTIONRATE,Random,1,-0.4_0.4,Lower,0,0,-0.2895334,Dominant and Recessive,-0.2895334,-0.2895334,0,0.2390212,-0.2895334,-0.5285546,ATTRIBUTES,3.205896,0.9388111,0.9388111,19,114.7105
0.251608796296296,228.8165,1,SPEED,Random,1,-0.15_0.15,Bigger,0,-0.1031502,0.03069332,Dominant,0.03069332,-0.1031502,-0.01078729,-0.1031502,0.04148062,0.1338436,METABOLISM,Random,1,-0.1_0.1,Lower,-0.06118891,0,-0.09408189,Recessive,-0.06118891,-0.09408189,-0.08686536,-0.06118891,0.02567644,0,REPRODUCTIONRATE,Random,1,-0.4_0.4,Lower,0,0,0.02859074,Dominant and Recessive,0.02859074,0.02859074,0,0.2390212,0.02859074,-0.2104305,ATTRIBUTES,3.330693,0.9388111,0.9388111,19,115.0286
0.251666666666667,238.0479,1,SPEED,Random,1,-0.15_0.15,Bigger,0.02573356,0,-0.01555851,Dominant,0.01017505,0,0,0,0.01017505,0.01017505,METABOLISM,Random,1,-0.1_0.1,Lower,0,0,0.05261185,Dominant and Recessive,0.05261185,0.05261185,0,0,0.05261185,0.05261185,REPRODUCTIONRATE,Random,1,-0.4_0.4,Lower,0,0,0.07216868,Dominant,0.07216868,0,0,0,0.07216868,0.07216868,ATTRIBUTES,3.310175,1.052612,1.052612,19,115.0722
0.251666666666667,238.0479,1,SPEED,Random,1,-0.15_0.15,Bigger,0.02573356,0,-0.1221791,Recessive,0.02573356,-0.1221791,0,0,0.02573356,0.02573356,METABOLISM,Random,1,-0.1_0.1,Lower,0,0,0.02540169,None,0,0,0,0,0,0,REPRODUCTIONRATE,Random,1,-0.4_0.4,Lower,0,0,-0.05151743,None,0,0,0,0,0,0,ATTRIBUTES,3.325733,1,1,19,115
0.251666666666667,238.0479,1,SPEED,Random,1,-0.15_0.15,Bigger,0.02573356,0,0.06170032,Dominant,0.08743388,0,0,0,0.08743388,0.08743388,METABOLISM,Random,1,-0.1_0.1,Lower,0,0,0.04220388,Dominant,0.04220388,0,0,0,0.04220388,0.04220388,REPRODUCTIONRATE,Random,1,-0.4_0.4,Lower,0,0,-0.3518534,Dominant and Recessive,-0.3518534,-0.3518534,0,0,-0.3518534,-0.3518534,ATTRIBUTES,3.387434,1.042204,1.042204,19,114.6481
0.251678240740741,239.123,1,SPEED,Random,1,-0.15_0.15,Bigger,0,0,-0.00156793,Recessive,0,-0.00156793,-0.09068285,0,0.09068285,0,METABOLISM,Random,1,-0.1_0.1,Lower,0,0.07164484,0.09302705,Recessive,0,0.1646719,-0.07265291,0.07164484,0.07265291,-0.07164484,REPRODUCTIONRATE,Random,1,-0.4_0.4,Lower,-0.03009048,0.08890969,0.213764,Dominant and Recessive,0.1836735,0.3026737,-0.03009048,0,0.213764,0.1836735,ATTRIBUTES,3.3,1,1,19,115.1837
0.251678240740741,239.123,1,SPEED,Random,1,-0.15_0.15,Bigger,0,0,-0.0617144,None,0,0,-0.09068285,0,0.09068285,0,METABOLISM,Random,1,-0.1_0.1,Lower,0,0.07164484,-0.07956872,Recessive,0,-0.007923886,-0.07265291,0.07164484,0.07265291,-0.07164484,REPRODUCTIONRATE,Random,1,-0.4_0.4,Lower,-0.03009048,0.08890969,0.06861567,Dominant and Recessive,0.03852519,0.1575254,-0.03009048,0,0.06861567,0.03852519,ATTRIBUTES,3.3,1,1,19,115.0385
0.251678240740741,239.123,1,SPEED,Random,1,-0.15_0.15,Bigger,0,0,0.1048283,None,0,0,-0.09068285,0,0.09068285,0,METABOLISM,Random,1,-0.1_0.1,Lower,0,0.07164484,-0.03692133,Recessive,0,0.03472351,-0.07265291,0.07164484,0.07265291,-0.07164484,REPRODUCTIONRATE,Random,1,-0.4_0.4,Lower,-0.03009048,0.08890969,-0.3411254,None,-0.03009048,0.08890969,-0.03009048,0,0,-0.03009048,ATTRIBUTES,3.3,1,1,19,114.9699
0.251689814814815,240.923,1,SPEED,Random,1,-0.15_0.15,Bigger,0,0,0.1232799,Recessive,0,0.1232799,0,0,0,0,METABOLISM,Random,1,-0.1_0.1,Lower,0.0497678,0.08287961,-0.03015784,Dominant,0.01960996,0.08287961,0.08287961,0,-0.06326965,0.01960996,REPRODUCTIONRATE,Random,1,-0.4_0.4,Lower,-0.1061036,0,-0.3974507,Dominant and Recessive,-0.5035542,-0.3974507,0,0,-0.5035542,-0.5035542,ATTRIBUTES,3.3,1.01961,1.01961,19,114.4964
0.251689814814815,240.923,1,SPEED,Random,1,-0.15_0.15,Bigger,0,0,-0.08850153,Dominant,-0.08850153,0,0,0,-0.08850153,-0.08850153,METABOLISM,Random,1,-0.1_0.1,Lower,0.0497678,0.08287961,0.05008204,None,0.0497678,0.08287961,0.08287961,0,-0.03311181,0.0497678,REPRODUCTIONRATE,Random,1,-0.4_0.4,Lower,-0.1061036,0,-0.3959095,Dominant and Recessive,-0.5020131,-0.3959095,0,0,-0.5020131,-0.5020131,ATTRIBUTES,3.211498,1.049768,1.049768,19,114.498
0.251689814814815,240.923,1,SPEED,Random,1,-0.15_0.15,Bigger,0,0,0.08989327,Dominant and Recessive,0.08989327,0.08989327,0,0,0.08989327,0.08989327,METABOLISM,Random,1,-0.1_0.1,Lower,0.0497678,0.08287961,0.07876437,None,0.0497678,0.08287961,0.08287961,0,-0.03311181,0.0497678,REPRODUCTIONRATE,Random,1,-0.4_0.4,Lower,-0.1061036,0,0.09074521,Dominant,-0.01535836,0,0,0,-0.01535836,-0.01535836,ATTRIBUTES,3.389893,1.049768,1.049768,19,114.9846
0.251712962962963,244.1195,1,SPEED,Random,1,-0.15_0.15,Bigger,0.1167836,0,0.0408528,Recessive,0.1167836,0.0408528,0,0,0.1167836,0.1167836,METABOLISM,Random,1,-0.1_0.1,Lower,0,0.08526056,0.006398335,None,0,0.08526056,0,0.08526056,0,-0.08526056,REPRODUCTIONRATE,Random,1,-0.4_0.4,Lower,-0.04351944,0,-0.180977,Dominant and Recessive,-0.2244965,-0.180977,-0.06888738,-0.04351944,-0.1556091,-0.180977,ATTRIBUTES,3.416784,1,1,19,114.7755
0.251712962962963,244.1195,1,SPEED,Random,1,-0.15_0.15,Bigger,0.1167836,0,0.07676532,None,0.1167836,0,0,0,0.1167836,0.1167836,METABOLISM,Random,1,-0.1_0.1,Lower,0,0.08526056,0.0330183,None,0,0.08526056,0,0.08526056,0,-0.08526056,REPRODUCTIONRATE,Random,1,-0.4_0.4,Lower,-0.04351944,0,-0.3481188,Dominant and Recessive,-0.3916382,-0.3481188,-0.06888738,-0.04351944,-0.3227509,-0.3481188,ATTRIBUTES,3.416784,1,1,19,114.6084
0.251712962962963,244.1195,1,SPEED,Random,1,-0.15_0.15,Bigger,0.1167836,0,-0.08500099,None,0.1167836,0,0,0,0.1167836,0.1167836,METABOLISM,Random,1,-0.1_0.1,Lower,0,0.08526056,0.05628798,Recessive,0,0.1415485,0,0.08526056,0,-0.08526056,REPRODUCTIONRATE,Random,1,-0.4_0.4,Lower,-0.04351944,0,-0.1389272,Dominant and Recessive,-0.1824467,-0.1389272,-0.06888738,-0.04351944,-0.1135593,-0.1389272,ATTRIBUTES,3.416784,1,1,19,114.8176
0.251736111111111,248.229,1,SPEED,Random,1,-0.15_0.15,Bigger,-0.03691394,-0.1264409,0.1103315,Dominant,0.07341756,-0.1264409,-0.1264409,-0.03691394,0.1998584,0.1103315,METABOLISM,Random,1,-0.1_0.1,Lower,0,0.09813935,0.08400383,Dominant,0.08400383,0.09813935,0,0,0.08400383,0.08400383,REPRODUCTIONRATE,Random,1,-0.4_0.4,Lower,-0.248794,-0.1045844,-0.05264774,None,-0.248794,-0.1045844,-0.1045844,-0.248794,-0.1442096,0,ATTRIBUTES,3.373418,1.084004,1.084004,19,114.7512
0.251736111111111,248.229,1,SPEED,Random,1,-0.15_0.15,Bigger,-0.03691394,-0.1264409,0.01743276,None,-0.03691394,-0.1264409,-0.1264409,-0.03691394,0.08952692,0,METABOLISM,Random,1,-0.1_0.1,Lower,0,0.09813935,0.05500853,Dominant,0.05500853,0.09813935,0,0,0.05500853,0.05500853,REPRODUCTIONRATE,Random,1,-0.4_0.4,Lower,-0.248794,-0.1045844,0.3101485,Dominant and Recessive,0.06135452,0.2055641,-0.1045844,-0.248794,0.1659389,0.3101485,ATTRIBUTES,3.263086,1.055009,1.055009,19,115.0614
0.251736111111111,248.229,1,SPEED,Random,1,-0.15_0.15,Bigger,-0.03691394,-0.1264409,-0.1233689,Recessive,-0.03691394,-0.2498098,-0.1264409,-0.03691394,0.08952692,0,METABOLISM,Random,1,-0.1_0.1,Lower,0,0.09813935,0.06886995,None,0,0.09813935,0,0,0,0,REPRODUCTIONRATE,Random,1,-0.4_0.4,Lower,-0.248794,-0.1045844,-0.2268563,Dominant,-0.4756503,-0.1045844,-0.1045844,-0.248794,-0.3710659,-0.2268563,ATTRIBUTES,3.263086,1,1,19,114.5244
0.251747685185185,248.529,1,SPEED,Random,1,-0.15_0.15,Bigger,0.1101863,0.07608082,-0.01791789,Dominant,0.09226841,0.07608082,0.1101863,0,-0.01791789,0.09226841,METABOLISM,Random,1,-0.1_0.1,Lower,0,0,0.09924889,Dominant,0.09924889,0,0,-0.07638567,0.09924889,0.1756346,REPRODUCTIONRATE,Random,1,-0.4_0.4,Lower,0,0.08493781,-0.2592222,Recessive,0,-0.1742844,0,0,0,0,ATTRIBUTES,3.392268,1.099249,1.099249,19,115
0.251747685185185,248.529,1,SPEED,Random,1,-0.15_0.15,Bigger,0.1101863,0.07608082,-0.1487013,Recessive,0.1101863,-0.07262049,0.1101863,0,0,0.1101863,METABOLISM,Random,1,-0.1_0.1,Lower,0,0,0.03701119,None,0,0,0,-0.07638567,0,0.07638567,REPRODUCTIONRATE,Random,1,-0.4_0.4,Lower,0,0,-0.3919913,Dominant and Recessive,-0.3919913,-0.3919913,0,0,-0.3919913,-0.3919913,ATTRIBUTES,3.410186,1,1,19,114.608
0.251747685185185,248.529,1,SPEED,Random,1,-0.15_0.15,Bigger,0.1101863,0.07608082,0.06793467,Dominant and Recessive,0.178121,0.1440155,0.1101863,0,0.06793467,0.178121,METABOLISM,Random,1,-0.1_0.1,Lower,0,0,0.06704666,Dominant and Recessive,0.06704666,0.06704666,0,-0.07638567,0.06704666,0.1434323,REPRODUCTIONRATE,Random,1,-0.4_0.4,Lower,0,0,0.2635674,Dominant and Recessive,0.2635674,0.2635674,0,0,0.2635674,0.2635674,ATTRIBUTES,3.478121,1.067047,1.067047,19,115.2636
0.251747685185185,248.529,1,SPEED,Random,1,-0.15_0.15,Bigger,0.005236655,0,-0.1172587,None,0.005236655,0,0,0,0.005236655,0.005236655,METABOLISM,Random,1,-0.1_0.1,Lower,0,0,-0.04787933,Dominant and Recessive,-0.04787933,-0.04787933,0,0.04220874,-0.04787933,-0.09008807,REPRODUCTIONRATE,Random,1,-0.4_0.4,Lower,-0.3988631,0,0.02496544,Dominant and Recessive,-0.3738977,0.02496544,0,0,-0.3738977,-0.3738977,ATTRIBUTES,3.305237,0.9521207,0.9521207,19,114.6261
0.251747685185185,248.529,1,SPEED,Random,1,-0.15_0.15,Bigger,0.005236655,0,-0.05252111,None,0.005236655,0,0,0,0.005236655,0.005236655,METABOLISM,Random,1,-0.1_0.1,Lower,0,0,-0.001709446,Dominant,-0.001709446,0,0,0.04220874,-0.001709446,-0.04391818,REPRODUCTIONRATE,Random,1,-0.4_0.4,Lower,-0.3988631,0,-0.007613808,None,-0.3988631,0,0,0,-0.3988631,-0.3988631,ATTRIBUTES,3.305237,0.9982905,0.9982905,19,114.6011
0.251747685185185,248.529,1,SPEED,Random,1,-0.15_0.15,Bigger,0.005236655,0,-0.1185609,Recessive,0.005236655,-0.1185609,0,0,0.005236655,0.005236655,METABOLISM,Random,1,-0.1_0.1,Lower,0,0,0.08227384,Dominant and Recessive,0.08227384,0.08227384,0,0.04220874,0.08227384,0.0400651,REPRODUCTIONRATE,Random,1,-0.4_0.4,Lower,-0.3988631,0,-0.3738275,Recessive,-0.3988631,-0.3738275,0,0,-0.3988631,-0.3988631,ATTRIBUTES,3.305237,1.082274,1.082274,19,114.6011
0.251782407407407,252.729,1,SPEED,Random,1,-0.15_0.15,Bigger,0.05310366,-0.01598656,0.1344745,Dominant,0.1875781,-0.01598656,0,-0.01598656,0.1875781,0.2035647,METABOLISM,Random,1,-0.1_0.1,Lower,0.07411339,0.07812338,-0.08610211,Recessive,0.07411339,-0.007978722,0,0.07812338,0.07411339,-0.004009992,REPRODUCTIONRATE,Random,1,-0.4_0.4,Lower,0,0,-0.24791,Dominant,-0.24791,0,0.27494,0,-0.52285,-0.24791,ATTRIBUTES,3.487578,1.074113,1.074113,19,114.7521
0.251782407407407,252.729,1,SPEED,Random,1,-0.15_0.15,Bigger,0.05310366,-0.01598656,0.1499605,None,0.05310366,-0.01598656,0,-0.01598656,0.05310366,0.06909022,METABOLISM,Random,1,-0.1_0.1,Lower,0.07411339,0.07812338,0.04376084,Dominant,0.1178742,0.07812338,0,0.07812338,0.1178742,0.03975085,REPRODUCTIONRATE,Random,1,-0.4_0.4,Lower,0,0,-0.2232501,Recessive,0,-0.2232501,0.27494,0,-0.27494,0,ATTRIBUTES,3.353104,1.117874,1.117874,19,115
0.251782407407407,252.729,1,SPEED,Random,1,-0.15_0.15,Bigger,0.05310366,-0.01598656,-0.09802692,Dominant,-0.04492325,-0.01598656,0,-0.01598656,-0.04492325,-0.02893669,METABOLISM,Random,1,-0.1_0.1,Lower,0.07411339,0.07812338,0.004582822,None,0.07411339,0.07812338,0,0.07812338,0.07411339,-0.004009992,REPRODUCTIONRATE,Random,1,-0.4_0.4,Lower,0,0,0.1230641,Dominant,0.1230641,0,0.27494,0,-0.1518759,0.1230641,ATTRIBUTES,3.255077,1.074113,1.074113,19,115.1231
0.251793981481481,255.429,1,SPEED,Random,1,-0.15_0.15,Bigger,0.05416717,0,-0.1303634,Recessive,0.05416717,-0.1303634,0.05416717,0,0,0.05416717,METABOLISM,Random,1,-0.1_0.1,Lower,-0.05333116,0.02932148,0.09381976,Dominant and Recessive,0.0404886,0.1231412,-0.05333116,0.02932148,0.09381976,0.01116712,REPRODUCTIONRATE,Random,1,-0.4_0.4,Lower,-0.3568911,0,0.3486749,None,-0.3568911,0,-0.3568911,0,0,-0.3568911,ATTRIBUTES,3.354167,1.040489,1.040489,19,114.6431
0.251793981481481,255.429,1,SPEED,Random,1,-0.15_0.15,Bigger,0.05416717,0,0.0399398,Dominant and Recessive,0.09410697,0.0399398,0.05416717,0,0.0399398,0.09410697,METABOLISM,Random,1,-0.1_0.1,Lower,-0.05333116,0.02932148,0.09977648,None,-0.05333116,0.02932148,-0.05333116,0.02932148,0,-0.08265264,REPRODUCTIONRATE,Random,1,-0.4_0.4,Lower,-0.3568911,0,-0.04193836,Recessive,-0.3568911,-0.04193836,-0.3568911,0,0,-0.3568911,ATTRIBUTES,3.394107,0.9466689,0.9466689,19,114.6431
0.251793981481481,255.429,1,SPEED,Random,1,-0.15_0.15,Bigger,0.05416717,0,0.09685454,Recessive,0.05416717,0.09685454,0.05416717,0,0,0.05416717,METABOLISM,Random,1,-0.1_0.1,Lower,-0.05333116,0.02932148,0.07386124,None,-0.05333116,0.02932148,-0.05333116,0.02932148,0,-0.08265264,REPRODUCTIONRATE,Random,1,-0.4_0.4,Lower,-0.3568911,0,0.2197923,Recessive,-0.3568911,0.2197923,-0.3568911,0,0,-0.3568911,ATTRIBUTES,3.354167,0.9466689,0.9466689,19,114.6431
0.251875,265.8458,1,SPEED,Random,1,-0.15_0.15,Bigger,0,-0.05342097,0.1023046,None,0,-0.05342097,-0.05342097,-0.1221204,0.05342097,0.1221204,METABOLISM,Random,1,-0.1_0.1,Lower,0.03646204,0.0552943,0.02807464,Dominant,0.06453668,0.0552943,0.0552943,0,0.009242386,0.06453668,REPRODUCTIONRATE,Random,1,-0.4_0.4,Lower,0,0.3888215,0.1004342,None,0,0.3888215,0.3888215,0,-0.3888215,0,ATTRIBUTES,3.3,1.064537,1.064537,19,115
0.251875,265.8458,1,SPEED,Random,1,-0.15_0.15,Bigger,0,-0.05342097,-0.05609216,Dominant and Recessive,-0.05609216,-0.1095131,-0.05342097,-0.1221204,-0.00267119,0.06602828,METABOLISM,Random,1,-0.1_0.1,Lower,0.03646204,0.0552943,-0.07279239,Dominant and Recessive,-0.03633035,-0.01749809,0.0552943,0,-0.09162465,-0.03633035,REPRODUCTIONRATE,Random,1,-0.4_0.4,Lower,0,0.3888215,0.1237779,Recessive,0,0.5125995,0.3888215,0,-0.3888215,0,ATTRIBUTES,3.243908,0.9636697,0.9636697,19,115
0.251875,265.8458,1,SPEED,Random,1,-0.15_0.15,Bigger,0,-0.05342097,-0.03600267,Dominant,-0.03600267,-0.05342097,-0.05342097,-0.1221204,0.01741831,0.08611777,METABOLISM,Random,1,-0.1_0.1,Lower,0.03646204,0.0552943,0.05819947,Dominant and Recessive,0.09466152,0.1134938,0.0552943,0,0.03936722,0.09466152,REPRODUCTIONRATE,Random,1,-0.4_0.4,Lower,0,0.3888215,0.1904681,Dominant,0.1904681,0.3888215,0.3888215,0,-0.1983534,0.1904681,ATTRIBUTES,3.263997,1.094661,1.094661,19,115.1905
0.251921296296296,272.5918,1,SPEED,Random,1,-0.15_0.15,Bigger,0,0,0.005823418,Dominant and Recessive,0.005823418,0.005823418,0,0.02127469,0.005823418,-0.01545127,METABOLISM,Random,1,-0.1_0.1,Lower,-0.06716356,0.07313919,0.06976526,Dominant,0.002601698,0.07313919,-0.06716356,0.07313919,0.06976526,-0.07053749,REPRODUCTIONRATE,Random,1,-0.4_0.4,Lower,0,0.1310449,-0.3710392,Recessive,0,-0.2399943,0.1310449,-0.1460851,-0.1310449,0.1460851,ATTRIBUTES,3.305823,1.002602,1.002602,19,115
0.251921296296296,272.5918,1,SPEED,Random,1,-0.15_0.15,Bigger,0,0,-0.1488554,Recessive,0,-0.1488554,0,0.02127469,0,-0.02127469,METABOLISM,Random,1,-0.1_0.1,Lower,-0.06716356,0.07313919,0.0008064359,None,-0.06716356,0.07313919,-0.06716356,0.07313919,0,-0.1403027,REPRODUCTIONRATE,Random,1,-0.4_0.4,Lower,0,0.1310449,0.2452976,None,0,0.1310449,0.1310449,-0.1460851,-0.1310449,0.1460851,ATTRIBUTES,3.3,0.9328364,0.9328364,19,115
0.251921296296296,272.5918,1,SPEED,Random,1,-0.15_0.15,Bigger,0,0,0.1170805,None,0,0,0,0.02127469,0,-0.02127469,METABOLISM,Random,1,-0.1_0.1,Lower,-0.06716356,0.07313919,-0.07123771,None,-0.06716356,0.07313919,-0.06716356,0.07313919,0,-0.1403027,REPRODUCTIONRATE,Random,1,-0.4_0.4,Lower,0,0.1310449,-0.1614537,None,0,0.1310449,0.1310449,-0.1460851,-0.1310449,0.1460851,ATTRIBUTES,3.3,0.9328364,0.9328364,19,115
0.25193287037037,273.4918,1,SPEED,Random,1,-0.15_0.15,Bigger,0,0,-0.01853211,Dominant and Recessive,-0.01853211,-0.01853211,-0.04511227,0.001572549,0.02658016,-0.02010466,METABOLISM,Random,1,-0.1_0.1,Lower,0,0,0.02863862,None,0,0,-0.0478017,-0.06715715,0.0478017,0.06715715,REPRODUCTIONRATE,Random,1,-0.4_0.4,Lower,0,0.3123282,-0.04440647,Recessive,0,0.2679218,0,0.3123282,0,-0.3123282,ATTRIBUTES,3.281468,1,1,19,115
0.25193287037037,273.4918,1,SPEED,Random,1,-0.15_0.15,Bigger,0.001572549,0,0.06813955,None,0.001572549,0,-0.04511227,0.001572549,0.04668482,0,METABOLISM,Random,1,-0.1_0.1,Lower,-0.06715715,0,-0.03429691,Dominant and Recessive,-0.1014541,-0.03429691,-0.0478017,-0.06715715,-0.05365236,-0.03429691,REPRODUCTIONRATE,Random,1,-0.4_0.4,Lower,0,0.3123282,-0.2386754,Dominant,-0.2386754,0.3123282,0,0.3123282,-0.2386754,-0.5510036,ATTRIBUTES,3.301573,0.8985459,0.8985459,19,114.7613
0.25193287037037,273.4918,1,SPEED,Random,1,-0.15_0.15,Bigger,0.001572549,0,-0.07884254,Dominant,-0.07726999,0,-0.04511227,0.001572549,-0.03215772,-0.07884254,METABOLISM,Random,1,-0.1_0.1,Lower,-0.06715715,0,-0.07068837,Dominant and Recessive,-0.1378455,-0.07068837,-0.0478017,-0.06715715,-0.09004382,-0.07068837,REPRODUCTIONRATE,Random,1,-0.4_0.4,Lower,0,0.3123282,-0.1796653,Recessive,0,0.1326629,0,0.3123282,0,-0.3123282,ATTRIBUTES,3.22273,0.8621545,0.8621545,19,115
0.251990740740741,282.0569,1,SPEED,Random,1,-0.15_0.15,Bigger,0,-0.07866076,-0.05553637,Recessive,0,-0.1341971,-0.09068285,0,0.09068285,0,METABOLISM,Random,1,-0.1_0.1,Lower,0,0,-0.04034451,Recessive,0,-0.04034451,-0.07265291,0,0.07265291,0,REPRODUCTIONRATE,Random,1,-0.4_0.4,Lower,-0.1409605,-0.03009048,0.08095223,Recessive,-0.1409605,0.05086175,-0.03009048,-0.1409605,-0.11087,0,ATTRIBUTES,3.3,1,1,19,114.859
0.251990740740741,282.0569,1,SPEED,Random,1,-0.15_0.15,Bigger,0,-0.07866076,0.131302,Recessive,0,0.05264127,-0.09068285,0,0.09068285,0,METABOLISM,Random,1,-0.1_0.1,Lower,0,0,-0.07565024,Recessive,0,-0.07565024,-0.07265291,0,0.07265291,0,REPRODUCTIONRATE,Random,1,-0.4_0.4,Lower,-0.1409605,-0.03009048,-0.2154917,Dominant and Recessive,-0.3564522,-0.2455822,-0.03009048,-0.1409605,-0.3263617,-0.2154917,ATTRIBUTES,3.3,1,1,19,114.6435
0.251990740740741,282.0569,1,SPEED,Random,1,-0.15_0.15,Bigger,0,-0.07866076,-0.05010941,Recessive,0,-0.1287702,-0.09068285,0,0.09068285,0,METABOLISM,Random,1,-0.1_0.1,Lower,0,0,-0.0766465,Dominant and Recessive,-0.0766465,-0.0766465,-0.07265291,0,-0.003993586,-0.0766465,REPRODUCTIONRATE,Random,1,-0.4_0.4,Lower,-0.1409605,-0.03009048,0.05247539,None,-0.1409605,-0.03009048,-0.03009048,-0.1409605,-0.11087,0,ATTRIBUTES,3.3,0.9233535,0.9233535,19,114.859
0.252071759259259,291.3569,1,SPEED,Random,1,-0.15_0.15,Bigger,0,-0.08151494,0.007351384,Recessive,0,-0.07416356,0,-0.04267168,0,0.04267168,METABOLISM,Random,1,-0.1_0.1,Lower,0,0.09496421,-0.0677577,Dominant,-0.0677577,0.09496421,0.08287961,0,-0.1506373,-0.0677577,REPRODUCTIONRATE,Random,1,-0.4_0.4,Lower,0,0,-0.1566943,Recessive,0,-0.1566943,0,0,0,0,ATTRIBUTES,3.3,0.9322423,0.9322423,19,115
0.252071759259259,291.3569,1,SPEED,Random,1,-0.15_0.15,Bigger,0,-0.08151494,0.007583201,Recessive,0,-0.07393174,0,-0.04267168,0,0.04267168,METABOLISM,Random,1,-0.1_0.1,Lower,0,0.09496421,-0.008519016,Dominant,-0.008519016,0.09496421,0.08287961,0,-0.09139863,-0.008519016,REPRODUCTIONRATE,Random,1,-0.4_0.4,Lower,0,0,0.2653415,Dominant and Recessive,0.2653415,0.2653415,0,0,0.2653415,0.2653415,ATTRIBUTES,3.3,0.991481,0.991481,19,115.2653
0.252071759259259,291.3569,1,SPEED,Random,1,-0.15_0.15,Bigger,0,-0.08151494,0.1010248,Dominant,0.1010248,-0.08151494,0,-0.04267168,0.1010248,0.1436965,METABOLISM,Random,1,-0.1_0.1,Lower,0,0.09496421,0.05537233,Recessive,0,0.1503365,0.08287961,0,-0.08287961,0,REPRODUCTIONRATE,Random,1,-0.4_0.4,Lower,0,0,-0.1352794,Dominant and Recessive,-0.1352794,-0.1352794,0,0,-0.1352794,-0.1352794,ATTRIBUTES,3.401025,1,1,19,114.8647
0.252083333333333,292.5569,1,SPEED,Random,1,-0.15_0.15,Bigger,0,0,-0.04983761,Recessive,0,-0.04983761,0,-0.0378516,0,0.0378516,METABOLISM,Random,1,-0.1_0.1,Lower,-0.05782426,0,-0.09383119,Dominant and Recessive,-0.1516555,-0.09383119,0,-0.04030031,-0.1516555,-0.1113551,REPRODUCTIONRATE,Random,1,-0.4_0.4,Lower,0,0,0.1495567,Dominant,0.1495567,0,0,0,0.1495567,0.1495567,ATTRIBUTES,3.3,0.8483446,0.8483446,19,115.1496
0.252083333333333,292.5569,1,SPEED,Random,1,-0.15_0.15,Bigger,0,0,0.06292573,None,0,0,0,-0.0378516,0,0.0378516,METABOLISM,Random,1,-0.1_0.1,Lower,-0.05782426,0,0.028902,Dominant,-0.02892226,0,0,-0.04030031,-0.02892226,0.01137806,REPRODUCTIONRATE,Random,1,-0.4_0.4,Lower,0,0,0.3584974,Dominant and Recessive,0.3584974,0.3584974,0,0,0.3584974,0.3584974,ATTRIBUTES,3.3,0.9710777,0.9710777,19,115.3585
0.252083333333333,292.5569,1,SPEED,Random,1,-0.15_0.15,Bigger,0,0,-0.07172979,Recessive,0,-0.07172979,0,-0.0378516,0,0.0378516,METABOLISM,Random,1,-0.1_0.1,Lower,-0.05782426,0,-0.000031434,Recessive,-0.05782426,-0.000031434,0,-0.04030031,-0.05782426,-0.01752394,REPRODUCTIONRATE,Random,1,-0.4_0.4,Lower,0,0,0.3787518,Recessive,0,0.3787518,0,0,0,0,ATTRIBUTES,3.3,0.9421757,0.9421757,19,115
0.252141203703704,299.4569,1,SPEED,Random,1,-0.15_0.15,Bigger,0,-0.1270112,-0.108031,Dominant and Recessive,-0.108031,-0.2350422,0,-0.1270112,-0.108031,0.01898017,METABOLISM,Random,1,-0.1_0.1,Lower,-0.01915272,0.06148073,-0.04731075,Recessive,-0.01915272,0.01416999,0.06148073,-0.01915272,-0.08063346,0,REPRODUCTIONRATE,Random,1,-0.4_0.4,Lower,0.1773147,0.3209806,0.08668303,None,0.1773147,0.3209806,0,0.1773147,0.1773147,0,ATTRIBUTES,3.191969,0.9808473,0.9808473,19,115.1773
0.252141203703704,299.4569,1,SPEED,Random,1,-0.15_0.15,Bigger,0,-0.1270112,0.1219611,Dominant and Recessive,0.1219611,-0.005050063,0,-0.1270112,0.1219611,0.2489723,METABOLISM,Random,1,-0.1_0.1,Lower,-0.01915272,0.06148073,-0.008032545,Dominant,-0.02718527,0.06148073,0.06148073,-0.01915272,-0.08866601,-0.008032545,REPRODUCTIONRATE,Random,1,-0.4_0.4,Lower,0,0.1773147,0.3934446,None,0,0.1773147,0,0.1773147,0,-0.1773147,ATTRIBUTES,3.421961,0.9728147,0.9728147,19,115
0.252141203703704,299.4569,1,SPEED,Random,1,-0.15_0.15,Bigger,0,-0.1270112,-0.04441912,None,0,-0.1270112,0,-0.1270112,0,0.1270112,METABOLISM,Random,1,-0.1_0.1,Lower,-0.01915272,0.06148073,-0.0758455,Dominant,-0.09499823,0.06148073,0.06148073,-0.01915272,-0.156479,-0.0758455,REPRODUCTIONRATE,Random,1,-0.4_0.4,Lower,0,0.1773147,-0.312727,Dominant and Recessive,-0.312727,-0.1354124,0,0.1773147,-0.312727,-0.4900417,ATTRIBUTES,3.3,0.9050018,0.9050018,19,114.6873
0.252164351851852,302.4569,1,SPEED,Random,1,-0.15_0.15,Bigger,0.0722516,0,-0.1217076,Dominant and Recessive,-0.049456,-0.1217076,0,0.0722516,-0.049456,-0.1217076,METABOLISM,Random,1,-0.1_0.1,Lower,-0.0234496,-0.01155385,-0.05713177,Dominant,-0.08058137,-0.01155385,-0.01155385,-0.0234496,-0.06902752,-0.05713177,REPRODUCTIONRATE,Random,1,-0.4_0.4,Lower,-0.3257356,0.3367434,-0.2211052,Dominant,-0.5468408,0.3367434,0.3367434,-0.3257356,-0.8835843,-0.2211052,ATTRIBUTES,3.250544,0.9194186,0.9194186,19,114.4532
0.252164351851852,302.4569,1,SPEED,Random,1,-0.15_0.15,Bigger,0.0722516,0,-0.1268262,Dominant and Recessive,-0.0545746,-0.1268262,0,0.0722516,-0.0545746,-0.1268262,METABOLISM,Random,1,-0.1_0.1,Lower,-0.0234496,-0.01155385,-0.06906018,Recessive,-0.0234496,-0.08061403,-0.01155385,-0.0234496,-0.01189575,0,REPRODUCTIONRATE,Random,1,-0.4_0.4,Lower,-0.3257356,0.3367434,-0.07049793,None,-0.3257356,0.3367434,0.3367434,-0.3257356,-0.662479,0,ATTRIBUTES,3.245425,0.9765504,0.9765504,19,114.6743
0.252164351851852,302.4569,1,SPEED,Random,1,-0.15_0.15,Bigger,0.0722516,0,0.09432718,Dominant and Recessive,0.1665788,0.09432718,0,0.0722516,0.1665788,0.09432717,METABOLISM,Random,1,-0.1_0.1,Lower,-0.0234496,-0.01155385,-0.06391287,Dominant,-0.08736247,-0.01155385,-0.01155385,-0.0234496,-0.07580862,-0.06391287,REPRODUCTIONRATE,Random,1,-0.4_0.4,Lower,-0.3257356,0.3367434,-0.3336494,None,-0.3257356,0.3367434,0.3367434,-0.3257356,-0.662479,0,ATTRIBUTES,3.466579,0.9126375,0.9126375,19,114.6743
0.252210648148148,307.8569,1,SPEED,Random,1,-0.15_0.15,Bigger,0,0,0.06844325,None,0,0,0,0,0,0,METABOLISM,Random,1,-0.1_0.1,Lower,0,0.0005415082,0.04833984,None,0,0.0005415082,0.0005415082,0,-0.0005415082,0,REPRODUCTIONRATE,Random,1,-0.4_0.4,Lower,0,0,0.2253103,None,0,0,-0.2356649,-0.2898629,0.2356649,0.2898629,ATTRIBUTES,3.3,1,1,19,115
0.252210648148148,307.8569,1,SPEED,Random,1,-0.15_0.15,Bigger,0,0,0.05972979,Recessive,0,0.05972979,0,0,0,0,METABOLISM,Random,1,-0.1_0.1,Lower,0,0.0005415082,-0.06599269,Dominant,-0.06599269,0.0005415082,0.0005415082,0,-0.0665342,-0.06599269,REPRODUCTIONRATE,Random,1,-0.4_0.4,Lower,0,0,-0.06472278,None,0,0,-0.2356649,-0.2898629,0.2356649,0.2898629,ATTRIBUTES,3.3,0.9340073,0.9340073,19,115
0.252210648148148,307.8569,1,SPEED,Random,1,-0.15_0.15,Bigger,0,0,-0.09880047,Dominant and Recessive,-0.09880047,-0.09880047,0,0,-0.09880047,-0.09880047,METABOLISM,Random,1,-0.1_0.1,Lower,0,0.0005415082,-0.08310986,Dominant,-0.08310986,0.0005415082,0.0005415082,0,-0.08365137,-0.08310986,REPRODUCTIONRATE,Random,1,-0.4_0.4,Lower,0,0,-0.30604,None,0,0,-0.2356649,-0.2898629,0.2356649,0.2898629,ATTRIBUTES,3.2012,0.9168901,0.9168901,19,115
0.252418981481481,332.9736,1,SPEED,Random,1,-0.15_0.15,Bigger,0,0,-0.1289644,Recessive,0,-0.1289644,0,0,0,0,METABOLISM,Random,1,-0.1_0.1,Lower,0,0,0.03566079,Dominant and Recessive,0.03566079,0.03566079,0,-0.08288524,0.03566079,0.118546,REPRODUCTIONRATE,Random,1,-0.4_0.4,Lower,-0.3515492,0,0.1542065,Dominant,-0.1973426,0,-0.3515492,0,0.1542065,-0.1973426,ATTRIBUTES,3.3,1.035661,1.035661,19,114.8027
0.252418981481481,332.9736,1,SPEED,Random,1,-0.15_0.15,Bigger,0,0,-0.143216,Dominant,-0.143216,0,0,0,-0.143216,-0.143216,METABOLISM,Random,1,-0.1_0.1,Lower,-0.08288524,0,0.04982591,None,-0.08288524,0,0,-0.08288524,-0.08288524,0,REPRODUCTIONRATE,Random,1,-0.4_0.4,Lower,0,0,-0.2147141,Dominant and Recessive,-0.2147141,-0.2147141,-0.3515492,0,0.1368351,-0.2147141,ATTRIBUTES,3.156784,0.9171147,0.9171147,19,114.7853
0.252418981481481,332.9736,1,SPEED,Random,1,-0.15_0.15,Bigger,0,0,0.09388737,None,0,0,0,0,0,0,METABOLISM,Random,1,-0.1_0.1,Lower,-0.08288524,0,-0.08333061,Recessive,-0.08288524,-0.08333061,0,-0.08288524,-0.08288524,0,REPRODUCTIONRATE,Random,1,-0.4_0.4,Lower,0,0,0.3955185,Dominant,0.3955185,0,-0.3515492,0,0.7470677,0.3955185,ATTRIBUTES,3.3,0.9171147,0.9171147,19,115.3955
0.252418981481481,333.2737,1,SPEED,Random,1,-0.15_0.15,Bigger,0,0,-0.05184479,Dominant,-0.05184479,0,0,0,-0.05184479,-0.05184479,METABOLISM,Random,1,-0.1_0.1,Lower,0,0,0.02957482,None,0,0,0,0,0,0,REPRODUCTIONRATE,Random,1,-0.4_0.4,Lower,0,0,0.1408041,None,0,0,0,0,0,0,ATTRIBUTES,3.248155,1,1,19,115
0.252418981481481,333.2737,1,SPEED,Random,1,-0.15_0.15,Bigger,0,0,0.06416881,Dominant,0.06416881,0,0,0,0.06416881,0.06416881,METABOLISM,Random,1,-0.1_0.1,Lower,0,0,-0.08175474,Recessive,0,-0.08175474,0,0,0,0,REPRODUCTIONRATE,Random,1,-0.4_0.4,Lower,0,0,-0.2182235,Recessive,0,-0.2182235,0,0,0,0,ATTRIBUTES,3.364169,1,1,19,115
0.252418981481481,333.2737,1,SPEED,Random,1,-0.15_0.15,Bigger,0,0,-0.05921422,Recessive,0,-0.05921422,0,0,0,0,METABOLISM,Random,1,-0.1_0.1,Lower,0,0,-0.06135118,Recessive,0,-0.06135118,0,0,0,0,REPRODUCTIONRATE,Random,1,-0.4_0.4,Lower,0,0,-0.1893663,Recessive,0,-0.1893663,0,0,0,0,ATTRIBUTES,3.3,1,1,19,115
0.2525,347.2836,1,SPEED,Random,1,-0.15_0.15,Bigger,-0.07779573,-0.08151494,0.009174705,Dominant and Recessive,-0.06862102,-0.07234024,0,-0.07779573,-0.06862102,0.009174705,METABOLISM,Random,1,-0.1_0.1,Lower,0,0,-0.02810002,Recessive,0,-0.02810002,0.08287961,0,-0.08287961,0,REPRODUCTIONRATE,Random,1,-0.4_0.4,Lower,0,0,-0.004123539,Recessive,0,-0.004123539,0,0,0,0,ATTRIBUTES,3.231379,1,1,19,115
0.2525,347.2836,1,SPEED,Random,1,-0.15_0.15,Bigger,-0.07779573,-0.08151494,0.0562407,Recessive,-0.07779573,-0.02527424,0,-0.07779573,-0.07779573,0,METABOLISM,Random,1,-0.1_0.1,Lower,0,0,0.05661206,Recessive,0,0.05661206,0.08287961,0,-0.08287961,0,REPRODUCTIONRATE,Random,1,-0.4_0.4,Lower,0,0,-0.2997164,None,0,0,0,0,0,0,ATTRIBUTES,3.222204,1,1,19,115
0.2525,347.2836,1,SPEED,Random,1,-0.15_0.15,Bigger,-0.07779573,-0.08151494,-0.03871889,Dominant,-0.1165146,-0.08151494,0,-0.07779573,-0.1165146,-0.03871889,METABOLISM,Random,1,-0.1_0.1,Lower,0,0,0.09003561,Dominant and Recessive,0.09003561,0.09003561,0.08287961,0,0.007156,0.09003561,REPRODUCTIONRATE,Random,1,-0.4_0.4,Lower,0,0,0.2587119,Dominant,0.2587119,0,0,0,0.2587119,0.2587119,ATTRIBUTES,3.183485,1.090036,1.090036,19,115.2587
0.252511574074074,349.9836,1,SPEED,Random,1,-0.15_0.15,Bigger,0.1175147,-0.06866214,0.1102242,Recessive,0.1175147,0.04156207,0,-0.06866214,0.1175147,0.1861769,METABOLISM,Random,1,-0.1_0.1,Lower,-0.08066953,0,-0.03594638,None,-0.08066953,0,0.07802922,-0.08066953,-0.1586988,0,REPRODUCTIONRATE,Random,1,-0.4_0.4,Lower,0.1206008,0.299596,0.3053677,Dominant,0.4259685,0.299596,0.1206008,0.299596,0.3053678,0.1263725,ATTRIBUTES,3.417515,0.9193305,0.9193305,19,115.426
0.252511574074074,349.9836,1,SPEED,Random,1,-0.15_0.15,Bigger,0.1175147,-0.06866214,0.1232698,Recessive,0.1175147,0.05460765,0,-0.06866214,0.1175147,0.1861769,METABOLISM,Random,1,-0.1_0.1,Lower,-0.08066953,0,-0.05934005,Recessive,-0.08066953,-0.05934005,0.07802922,-0.08066953,-0.1586988,0,REPRODUCTIONRATE,Random,1,-0.4_0.4,Lower,0.1206008,0.299596,0.03094381,Dominant,0.1515446,0.299596,0.1206008,0.299596,0.03094381,-0.1480515,ATTRIBUTES,3.417515,0.9193305,0.9193305,19,115.1515
0.252511574074074,349.9836,1,SPEED,Random,1,-0.15_0.15,Bigger,0.1175147,-0.06866214,-0.09937628,None,0.1175147,-0.06866214,0,-0.06866214,0.1175147,0.1861769,METABOLISM,Random,1,-0.1_0.1,Lower,-0.08066953,0,0.05152845,Dominant,-0.02914108,0,0.07802922,-0.08066953,-0.1071703,0.05152845,REPRODUCTIONRATE,Random,1,-0.4_0.4,Lower,0.1206008,0.299596,0.09180886,None,0.1206008,0.299596,0.1206008,0.299596,0,-0.1789953,ATTRIBUTES,3.417515,0.9708589,0.9708589,19,115.1206
0.252546296296296,355.6836,1,SPEED,Random,1,-0.15_0.15,Bigger,0,-0.09068285,-0.1300052,None,0,-0.09068285,-0.09068285,0,0.09068285,0,METABOLISM,Random,1,-0.1_0.1,Lower,-0.07265291,0,-0.09610794,Dominant,-0.1687609,0,-0.07265291,0.02655797,-0.09610794,-0.1953188,REPRODUCTIONRATE,Random,1,-0.4_0.4,Lower,-0.03009048,0,0.2653343,None,-0.03009048,0,-0.03009048,-0.2208173,0,0.1907268,ATTRIBUTES,3.3,0.8312392,0.8312392,19,114.9699
0.252546296296296,355.6836,1,SPEED,Random,1,-0.15_0.15,Bigger,0,-0.09068285,-0.009143919,Dominant,-0.009143919,-0.09068285,-0.09068285,0,0.08153893,-0.009143919,METABOLISM,Random,1,-0.1_0.1,Lower,-0.07265291,0,0.005544603,Dominant,-0.06710831,0,-0.07265291,0.02655797,0.005544603,-0.09366629,REPRODUCTIONRATE,Random,1,-0.4_0.4,Lower,-0.03009048,0,0.2466994,Recessive,-0.03009048,0.2466994,-0.03009048,-0.2208173,0,0.1907268,ATTRIBUTES,3.290856,0.9328917,0.9328917,19,114.9699
0.252546296296296,355.6836,1,SPEED,Random,1,-0.15_0.15,Bigger,0,-0.09068285,0.007209584,None,0,-0.09068285,-0.09068285,0,0.09068285,0,METABOLISM,Random,1,-0.1_0.1,Lower,-0.07265291,0,0.07107699,Recessive,-0.07265291,0.07107699,-0.07265291,0.02655797,0,-0.09921089,REPRODUCTIONRATE,Random,1,-0.4_0.4,Lower,-0.03009048,0,0.1338472,None,-0.03009048,0,-0.03009048,-0.2208173,0,0.1907268,ATTRIBUTES,3.3,0.9273471,0.9273471,19,114.9699